,mean_fit_time,std_fit_time,mean_score_time,std_score_time,param_C,param_coef0,param_gamma,params,split0_test_score,split1_test_score,split2_test_score,split3_test_score,split4_test_score,mean_test_score,std_test_score,rank_test_score,precision_score,recall_score
0,0.005094003677368164,0.00026416694214063035,0.00270538330078125,9.788241590774212e-05,0.1,0.0,1,"{'C': 0.1, 'coef0': 0.0, 'gamma': 1}",0.3157894736842105,0.21052631578947367,0.42105263157894735,0.3684210526315789,0.21052631578947367,0.3052631578947368,0.08421052631578947,62,0.5,0.3333333333333333
1,0.0048431396484375,0.0003842623119617151,0.002618408203125,0.00010071186849389985,0.1,0.0,0.1,"{'C': 0.1, 'coef0': 0.0, 'gamma': 0.1}",0.0,0.0,0.0,0.0,0.0,0.0,0.0,107,0.5,0.3333333333333333
2,0.0044345855712890625,0.0003745892319602505,0.0025783061981201174,0.00015009424974772562,0.1,0.0,0.01,"{'C': 0.1, 'coef0': 0.0, 'gamma': 0.01}",0.0,0.0,0.0,0.0,0.0,0.0,0.0,107,0.5,0.3333333333333333
3,0.005142641067504883,0.0020164205984943588,0.002698850631713867,0.0004946080486563847,0.1,0.0,0.001,"{'C': 0.1, 'coef0': 0.0, 'gamma': 0.001}",0.0,0.0,0.0,0.0,0.0,0.0,0.0,107,0.5,0.3333333333333333
4,0.004275465011596679,0.0003453626760136155,0.002467060089111328,6.0559933558292236e-05,0.1,0.0,0.0001,"{'C': 0.1, 'coef0': 0.0, 'gamma': 0.0001}",0.0,0.0,0.0,0.0,0.0,0.0,0.0,107,0.5,0.3333333333333333
5,0.005095052719116211,0.0003468360352092111,0.0029619216918945314,0.0006133312530255683,0.1,1.5,1,"{'C': 0.1, 'coef0': 1.5, 'gamma': 1}",0.42105263157894735,0.15789473684210525,0.3157894736842105,0.3157894736842105,0.3157894736842105,0.3052631578947368,0.08421052631578947,62,0.5,0.3333333333333333
6,0.004777956008911133,8.914360676729831e-05,0.002565908432006836,4.651531202837696e-05,0.1,1.5,0.1,"{'C': 0.1, 'coef0': 1.5, 'gamma': 0.1}",0.0,0.0,0.0,0.0,0.0,0.0,0.0,107,0.5,0.3333333333333333
7,0.0045926570892333984,9.932885412708771e-05,0.00264434814453125,3.2653215327176676e-05,0.1,1.5,0.01,"{'C': 0.1, 'coef0': 1.5, 'gamma': 0.01}",0.0,0.0,0.0,0.0,0.0,0.0,0.0,107,0.5,0.3333333333333333
8,0.004500961303710938,0.00012775112668354303,0.002601814270019531,2.721040231773162e-05,0.1,1.5,0.001,"{'C': 0.1, 'coef0': 1.5, 'gamma': 0.001}",0.0,0.0,0.0,0.0,0.0,0.0,0.0,107,0.5,0.3333333333333333
9,0.004577779769897461,0.0001386199818869319,0.002570772171020508,3.255844674895316e-05,0.1,1.5,0.0001,"{'C': 0.1, 'coef0': 1.5, 'gamma': 0.0001}",0.0,0.0,0.0,0.0,0.0,0.0,0.0,107,0.5,0.3333333333333333
10,0.00514678955078125,0.0003273894408988306,0.002705955505371094,7.083649905902673e-05,0.1,3.0,1,"{'C': 0.1, 'coef0': 3.0, 'gamma': 1}",0.2631578947368421,0.10526315789473684,0.15789473684210525,0.10526315789473684,0.3684210526315789,0.2,0.10205641805087008,72,0.5,0.3333333333333333
11,0.005126667022705078,0.0010000430783000376,0.0026824474334716797,0.00017326900258590348,0.1,3.0,0.1,"{'C': 0.1, 'coef0': 3.0, 'gamma': 0.1}",0.0,0.0,0.0,0.0,0.0,0.0,0.0,107,0.5,0.3333333333333333
12,0.004508018493652344,0.00015807371152388566,0.0026758670806884765,7.268797158698265e-05,0.1,3.0,0.01,"{'C': 0.1, 'coef0': 3.0, 'gamma': 0.01}",0.0,0.0,0.0,0.0,0.0,0.0,0.0,107,0.5,0.3333333333333333
13,0.005799436569213867,0.0025758604551038445,0.003526592254638672,0.001540129904194864,0.1,3.0,0.001,"{'C': 0.1, 'coef0': 3.0, 'gamma': 0.001}",0.0,0.0,0.0,0.0,0.0,0.0,0.0,107,0.5,0.3333333333333333
14,0.00504460334777832,0.0005714631164132481,0.002794218063354492,0.0003219765858538584,0.1,3.0,0.0001,"{'C': 0.1, 'coef0': 3.0, 'gamma': 0.0001}",0.0,0.0,0.0,0.0,0.0,0.0,0.0,107,0.5,0.3333333333333333
15,0.00610194206237793,0.00195179212877232,0.0032263278961181642,0.0008052530863807616,0.1,4.5,1,"{'C': 0.1, 'coef0': 4.5, 'gamma': 1}",0.42105263157894735,0.0,0.05263157894736842,0.3684210526315789,0.2631578947368421,0.22105263157894733,0.16776186790009712,68,0.5,0.3333333333333333
16,0.004742670059204102,0.00019551593460145133,0.002880764007568359,0.0004201317573852446,0.1,4.5,0.1,"{'C': 0.1, 'coef0': 4.5, 'gamma': 0.1}",0.0,0.0,0.0,0.0,0.0,0.0,0.0,107,0.5,0.3333333333333333
17,0.004890012741088867,0.00020999198160104112,0.002602386474609375,4.887066790829369e-05,0.1,4.5,0.01,"{'C': 0.1, 'coef0': 4.5, 'gamma': 0.01}",0.0,0.0,0.0,0.0,0.0,0.0,0.0,107,0.5,0.3333333333333333
18,0.005043745040893555,0.0005859836296956796,0.002639961242675781,6.712766443314213e-05,0.1,4.5,0.001,"{'C': 0.1, 'coef0': 4.5, 'gamma': 0.001}",0.0,0.0,0.0,0.0,0.0,0.0,0.0,107,0.5,0.3333333333333333
19,0.004901695251464844,0.0003668748467691157,0.0029581069946289064,0.00029803258499702326,0.1,4.5,0.0001,"{'C': 0.1, 'coef0': 4.5, 'gamma': 0.0001}",0.0,0.0,0.0,0.0,0.0,0.0,0.0,107,0.5,0.3333333333333333
20,0.004635858535766602,0.0003080054095895633,0.002800655364990234,0.00023481959024986056,0.1,6.0,1,"{'C': 0.1, 'coef0': 6.0, 'gamma': 1}",0.3684210526315789,0.2631578947368421,0.0,0.15789473684210525,0.2631578947368421,0.21052631578947367,0.12454904806525507,70,0.5,0.3333333333333333
21,0.0048008918762207035,0.00034685383990622795,0.002965831756591797,0.0002892416378525099,0.1,6.0,0.1,"{'C': 0.1, 'coef0': 6.0, 'gamma': 0.1}",0.0,0.0,0.0,0.0,0.0,0.0,0.0,107,0.5,0.3333333333333333
22,0.004690742492675782,0.00017718678516948807,0.002751588821411133,9.440002919584515e-05,0.1,6.0,0.01,"{'C': 0.1, 'coef0': 6.0, 'gamma': 0.01}",0.0,0.0,0.0,0.0,0.0,0.0,0.0,107,0.5,0.3333333333333333
23,0.004714870452880859,9.417679942483105e-05,0.00262451171875,6.276796445036754e-05,0.1,6.0,0.001,"{'C': 0.1, 'coef0': 6.0, 'gamma': 0.001}",0.0,0.0,0.0,0.0,0.0,0.0,0.0,107,0.5,0.3333333333333333
24,0.004790067672729492,0.00023422496519343692,0.0026756763458251954,0.00017588515902682765,0.1,6.0,0.0001,"{'C': 0.1, 'coef0': 6.0, 'gamma': 0.0001}",0.0,0.0,0.0,0.0,0.0,0.0,0.0,107,0.5,0.3333333333333333
25,0.005195236206054688,0.0003281227533207305,0.0029151439666748047,0.0001691219128065266,0.1,7.5,1,"{'C': 0.1, 'coef0': 7.5, 'gamma': 1}",0.3157894736842105,0.2631578947368421,0.15789473684210525,0.05263157894736842,0.0,0.15789473684210525,0.12001846579990925,75,0.5,0.3333333333333333
26,0.004667806625366211,9.293559883238302e-05,0.002591657638549805,7.770154767502249e-05,0.1,7.5,0.1,"{'C': 0.1, 'coef0': 7.5, 'gamma': 0.1}",0.0,0.0,0.0,0.0,0.0,0.0,0.0,107,0.5,0.3333333333333333
27,0.004698848724365235,6.541149176412838e-05,0.002632904052734375,0.00010772472229135018,0.1,7.5,0.01,"{'C': 0.1, 'coef0': 7.5, 'gamma': 0.01}",0.0,0.0,0.0,0.0,0.0,0.0,0.0,107,0.5,0.3333333333333333
28,0.004695701599121094,0.00017348679243583802,0.0026547908782958984,8.319968096429998e-05,0.1,7.5,0.001,"{'C': 0.1, 'coef0': 7.5, 'gamma': 0.001}",0.0,0.0,0.0,0.0,0.0,0.0,0.0,107,0.5,0.3333333333333333
29,0.004652500152587891,0.0001303798708523939,0.0026743412017822266,7.068505751778245e-05,0.1,7.5,0.0001,"{'C': 0.1, 'coef0': 7.5, 'gamma': 0.0001}",0.0,0.0,0.0,0.0,0.0,0.0,0.0,107,0.5,0.3333333333333333
30,0.005250024795532227,0.00031085329965579864,0.002855348587036133,0.00035274753211814874,0.1,9.0,1,"{'C': 0.1, 'coef0': 9.0, 'gamma': 1}",0.05263157894736842,0.0,0.0,0.0,0.0,0.010526315789473684,0.021052631578947364,97,0.5,0.3333333333333333
31,0.005530548095703125,0.001451407430387701,0.003324747085571289,0.0011902748167659483,0.1,9.0,0.1,"{'C': 0.1, 'coef0': 9.0, 'gamma': 0.1}",0.0,0.0,0.0,0.0,0.0,0.0,0.0,107,0.5,0.3333333333333333
32,0.004821109771728516,0.00029778648128602907,0.0027591705322265623,0.0001889007960797263,0.1,9.0,0.01,"{'C': 0.1, 'coef0': 9.0, 'gamma': 0.01}",0.0,0.0,0.0,0.0,0.0,0.0,0.0,107,0.5,0.3333333333333333
33,0.004538917541503906,0.0001293098150171932,0.002616739273071289,0.00010979889764657947,0.1,9.0,0.001,"{'C': 0.1, 'coef0': 9.0, 'gamma': 0.001}",0.0,0.0,0.0,0.0,0.0,0.0,0.0,107,0.5,0.3333333333333333
34,0.005491924285888672,0.001441017374224398,0.00295867919921875,0.000462018829425463,0.1,9.0,0.0001,"{'C': 0.1, 'coef0': 9.0, 'gamma': 0.0001}",0.0,0.0,0.0,0.0,0.0,0.0,0.0,107,0.5,0.3333333333333333
35,0.006228971481323242,0.0024112632768265013,0.003110313415527344,0.0008903436790248065,0.1,10.5,1,"{'C': 0.1, 'coef0': 10.5, 'gamma': 1}",0.05263157894736842,0.0,0.0,0.0,0.0,0.010526315789473684,0.021052631578947364,97,0.5,0.3333333333333333
36,0.004558753967285156,8.084849599396652e-05,0.0026232242584228516,2.5853897890279443e-05,0.1,10.5,0.1,"{'C': 0.1, 'coef0': 10.5, 'gamma': 0.1}",0.0,0.0,0.0,0.0,0.0,0.0,0.0,107,0.5,0.3333333333333333
37,0.004464435577392578,4.137490495447171e-05,0.0025960922241210936,3.7310915599167576e-05,0.1,10.5,0.01,"{'C': 0.1, 'coef0': 10.5, 'gamma': 0.01}",0.0,0.0,0.0,0.0,0.0,0.0,0.0,107,0.5,0.3333333333333333
38,0.004469442367553711,5.0026876808203095e-05,0.0025646209716796873,3.087475492818078e-05,0.1,10.5,0.001,"{'C': 0.1, 'coef0': 10.5, 'gamma': 0.001}",0.0,0.0,0.0,0.0,0.0,0.0,0.0,107,0.5,0.3333333333333333
39,0.00562891960144043,0.002022691036497139,0.0026648998260498046,0.00016708843505481959,0.1,10.5,0.0001,"{'C': 0.1, 'coef0': 10.5, 'gamma': 0.0001}",0.0,0.0,0.0,0.0,0.0,0.0,0.0,107,0.5,0.3333333333333333
40,0.004981374740600586,0.00024807526365151045,0.0028343677520751955,0.00010993743089627104,0.1,12.0,1,"{'C': 0.1, 'coef0': 12.0, 'gamma': 1}",0.0,0.0,0.0,0.0,0.0,0.0,0.0,107,0.5,0.3333333333333333
41,0.004619455337524414,0.00015113689031039335,0.0026365280151367187,8.440349055105842e-05,0.1,12.0,0.1,"{'C': 0.1, 'coef0': 12.0, 'gamma': 0.1}",0.0,0.0,0.0,0.0,0.0,0.0,0.0,107,0.5,0.3333333333333333
42,0.004614496231079101,0.00023372107034558327,0.0026491165161132814,9.042313711942368e-05,0.1,12.0,0.01,"{'C': 0.1, 'coef0': 12.0, 'gamma': 0.01}",0.0,0.0,0.0,0.0,0.0,0.0,0.0,107,0.5,0.3333333333333333
43,0.004536819458007812,7.412623421124682e-05,0.0026902198791503907,8.178870734212336e-05,0.1,12.0,0.001,"{'C': 0.1, 'coef0': 12.0, 'gamma': 0.001}",0.0,0.0,0.0,0.0,0.0,0.0,0.0,107,0.5,0.3333333333333333
44,0.004574775695800781,0.0002046300982996851,0.002646350860595703,8.935254029812981e-05,0.1,12.0,0.0001,"{'C': 0.1, 'coef0': 12.0, 'gamma': 0.0001}",0.0,0.0,0.0,0.0,0.0,0.0,0.0,107,0.5,0.3333333333333333
45,0.0048940181732177734,0.00030568479020506807,0.002873849868774414,0.00035576076765665303,0.1,13.5,1,"{'C': 0.1, 'coef0': 13.5, 'gamma': 1}",0.0,0.0,0.0,0.0,0.0,0.0,0.0,107,0.5,0.3333333333333333
46,0.00484161376953125,0.0004390953980977192,0.002821063995361328,0.0003030703830616529,0.1,13.5,0.1,"{'C': 0.1, 'coef0': 13.5, 'gamma': 0.1}",0.0,0.0,0.0,0.0,0.0,0.0,0.0,107,0.5,0.3333333333333333
47,0.005822372436523437,0.0012220387993167343,0.003092670440673828,0.0005261010642642534,0.1,13.5,0.01,"{'C': 0.1, 'coef0': 13.5, 'gamma': 0.01}",0.0,0.0,0.0,0.0,0.0,0.0,0.0,107,0.5,0.3333333333333333
48,0.005020761489868164,0.0006051740728711772,0.0025721073150634767,3.414480364246059e-05,0.1,13.5,0.001,"{'C': 0.1, 'coef0': 13.5, 'gamma': 0.001}",0.0,0.0,0.0,0.0,0.0,0.0,0.0,107,0.5,0.3333333333333333
49,0.004613399505615234,0.00020648876928588841,0.0026624202728271484,7.916832432037023e-05,0.1,13.5,0.0001,"{'C': 0.1, 'coef0': 13.5, 'gamma': 0.0001}",0.0,0.0,0.0,0.0,0.0,0.0,0.0,107,0.5,0.3333333333333333
50,0.005176830291748047,0.0005582197280883076,0.002721405029296875,0.00031394201660072226,0.5,0.0,1,"{'C': 0.5, 'coef0': 0.0, 'gamma': 1}",0.5263157894736842,0.3157894736842105,0.5263157894736842,0.42105263157894735,0.3684210526315789,0.43157894736842095,0.08421052631578947,33,0.5,0.3333333333333333
51,0.00460505485534668,0.0002583683520932762,0.0026920318603515627,0.0001761933882803438,0.5,0.0,0.1,"{'C': 0.5, 'coef0': 0.0, 'gamma': 0.1}",0.6842105263157895,0.3684210526315789,0.42105263157894735,0.21052631578947367,0.5263157894736842,0.44210526315789467,0.1582452250355043,27,0.5,0.3333333333333333
52,0.004102563858032227,0.00019270573645078858,0.002432584762573242,4.023132496752558e-05,0.5,0.0,0.01,"{'C': 0.5, 'coef0': 0.0, 'gamma': 0.01}",0.0,0.0,0.0,0.0,0.0,0.0,0.0,107,0.5,0.3333333333333333
53,0.004294586181640625,0.0002689945887944284,0.002559471130371094,0.00033619631672560546,0.5,0.0,0.001,"{'C': 0.5, 'coef0': 0.0, 'gamma': 0.001}",0.0,0.0,0.0,0.0,0.0,0.0,0.0,107,0.5,0.3333333333333333
54,0.004075956344604492,0.00013068760820356316,0.002463817596435547,2.609785134431955e-05,0.5,0.0,0.0001,"{'C': 0.5, 'coef0': 0.0, 'gamma': 0.0001}",0.0,0.0,0.0,0.0,0.0,0.0,0.0,107,0.5,0.3333333333333333
55,0.004830694198608399,0.0005742147146157888,0.0027683734893798827,0.00025096971116276597,0.5,1.5,1,"{'C': 0.5, 'coef0': 1.5, 'gamma': 1}",0.47368421052631576,0.21052631578947367,0.42105263157894735,0.3684210526315789,0.47368421052631576,0.3894736842105263,0.09761703679469161,46,0.5,0.3333333333333333
56,0.004760074615478516,0.00041005756627549944,0.0026685714721679686,0.00013880273470102692,0.5,1.5,0.1,"{'C': 0.5, 'coef0': 1.5, 'gamma': 0.1}",0.0,0.0,0.0,0.0,0.0,0.0,0.0,107,0.5,0.3333333333333333
57,0.004570198059082031,6.227453123608662e-05,0.002526998519897461,6.655235878814978e-05,0.5,1.5,0.01,"{'C': 0.5, 'coef0': 1.5, 'gamma': 0.01}",0.0,0.0,0.0,0.0,0.0,0.0,0.0,107,0.5,0.3333333333333333
58,0.005574846267700195,0.0019766311376556347,0.0026380062103271485,0.00013986379243929986,0.5,1.5,0.001,"{'C': 0.5, 'coef0': 1.5, 'gamma': 0.001}",0.0,0.0,0.0,0.0,0.0,0.0,0.0,107,0.5,0.3333333333333333
59,0.004538583755493164,0.00011465186307473975,0.002585172653198242,0.00012569168808841018,0.5,1.5,0.0001,"{'C': 0.5, 'coef0': 1.5, 'gamma': 0.0001}",0.0,0.0,0.0,0.0,0.0,0.0,0.0,107,0.5,0.3333333333333333
60,0.005089759826660156,0.001476665097156464,0.003477668762207031,0.0019097749929259814,0.5,3.0,1,"{'C': 0.5, 'coef0': 3.0, 'gamma': 1}",0.5263157894736842,0.3157894736842105,0.3157894736842105,0.3157894736842105,0.5789473684210527,0.41052631578947374,0.1172160918490531,37,0.5,0.3333333333333333
61,0.004898166656494141,0.000387711205904772,0.002913379669189453,0.0002885162952874465,0.5,3.0,0.1,"{'C': 0.5, 'coef0': 3.0, 'gamma': 0.1}",0.0,0.0,0.0,0.0,0.0,0.0,0.0,107,0.5,0.3333333333333333
62,0.004786396026611328,0.00028538333839432634,0.002624988555908203,8.068107262257487e-05,0.5,3.0,0.01,"{'C': 0.5, 'coef0': 3.0, 'gamma': 0.01}",0.0,0.0,0.0,0.0,0.0,0.0,0.0,107,0.5,0.3333333333333333
63,0.004812860488891601,0.00025993257314729925,0.0025963783264160156,5.546397156631689e-05,0.5,3.0,0.001,"{'C': 0.5, 'coef0': 3.0, 'gamma': 0.001}",0.0,0.0,0.0,0.0,0.0,0.0,0.0,107,0.5,0.3333333333333333
64,0.004693508148193359,0.00022129606154035192,0.0026703834533691405,8.753769225522576e-05,0.5,3.0,0.0001,"{'C': 0.5, 'coef0': 3.0, 'gamma': 0.0001}",0.0,0.0,0.0,0.0,0.0,0.0,0.0,107,0.5,0.3333333333333333
65,0.004683113098144532,0.000828762660544637,0.002466726303100586,7.780755170652413e-05,0.5,4.5,1,"{'C': 0.5, 'coef0': 4.5, 'gamma': 1}",0.42105263157894735,0.3157894736842105,0.2631578947368421,0.47368421052631576,0.3684210526315789,0.3684210526315789,0.07443229275647868,52,0.5,0.3333333333333333
66,0.006645107269287109,0.0022417777467812977,0.003217792510986328,0.0005404669031253541,0.5,4.5,0.1,"{'C': 0.5, 'coef0': 4.5, 'gamma': 0.1}",0.0,0.0,0.0,0.0,0.0,0.0,0.0,107,0.5,0.3333333333333333
67,0.0045642852783203125,0.0001072621843406621,0.002635335922241211,4.073836152179758e-05,0.5,4.5,0.01,"{'C': 0.5, 'coef0': 4.5, 'gamma': 0.01}",0.0,0.0,0.0,0.0,0.0,0.0,0.0,107,0.5,0.3333333333333333
68,0.004775571823120117,0.0004499064693402534,0.0026749134063720702,0.00015840646661817475,0.5,4.5,0.001,"{'C': 0.5, 'coef0': 4.5, 'gamma': 0.001}",0.0,0.0,0.0,0.0,0.0,0.0,0.0,107,0.5,0.3333333333333333
69,0.004579877853393555,4.317801937154787e-05,0.0026828289031982423,7.920143188510574e-05,0.5,4.5,0.0001,"{'C': 0.5, 'coef0': 4.5, 'gamma': 0.0001}",0.0,0.0,0.0,0.0,0.0,0.0,0.0,107,0.5,0.3333333333333333
70,0.004226779937744141,0.00022862731172801546,0.002484750747680664,0.00010537900534398003,0.5,6.0,1,"{'C': 0.5, 'coef0': 6.0, 'gamma': 1}",0.42105263157894735,0.3157894736842105,0.15789473684210525,0.3684210526315789,0.3684210526315789,0.3263157894736842,0.09055079228465923,56,0.5,0.3333333333333333
71,0.005189657211303711,0.0007854283432932156,0.0029325962066650392,0.00039994809808636787,0.5,6.0,0.1,"{'C': 0.5, 'coef0': 6.0, 'gamma': 0.1}",0.0,0.0,0.0,0.0,0.0,0.0,0.0,107,0.5,0.3333333333333333
72,0.006180334091186524,0.0022439242279461034,0.003473997116088867,0.0007638036036092219,0.5,6.0,0.01,"{'C': 0.5, 'coef0': 6.0, 'gamma': 0.01}",0.0,0.0,0.0,0.0,0.0,0.0,0.0,107,0.5,0.3333333333333333
73,0.00545654296875,0.0005691417858890176,0.003341007232666016,0.0007044788269965221,0.5,6.0,0.001,"{'C': 0.5, 'coef0': 6.0, 'gamma': 0.001}",0.0,0.0,0.0,0.0,0.0,0.0,0.0,107,0.5,0.3333333333333333
74,0.0050280094146728516,0.0002877139553613863,0.0032031059265136717,0.0004279480908180963,0.5,6.0,0.0001,"{'C': 0.5, 'coef0': 6.0, 'gamma': 0.0001}",0.0,0.0,0.0,0.0,0.0,0.0,0.0,107,0.5,0.3333333333333333
75,0.0048024654388427734,0.0005458685710040117,0.0027678489685058595,0.000296680799203021,0.5,7.5,1,"{'C': 0.5, 'coef0': 7.5, 'gamma': 1}",0.3684210526315789,0.2631578947368421,0.3157894736842105,0.15789473684210525,0.10526315789473684,0.24210526315789468,0.09761703679469161,66,0.5,0.3333333333333333
76,0.004634237289428711,0.00017685796989921426,0.002934551239013672,0.0002431456493386135,0.5,7.5,0.1,"{'C': 0.5, 'coef0': 7.5, 'gamma': 0.1}",0.0,0.0,0.0,0.0,0.0,0.0,0.0,107,0.5,0.3333333333333333
77,0.005040597915649414,0.00046290946093413603,0.0027959346771240234,0.0001253461503091842,0.5,7.5,0.01,"{'C': 0.5, 'coef0': 7.5, 'gamma': 0.01}",0.0,0.0,0.0,0.0,0.0,0.0,0.0,107,0.5,0.3333333333333333
78,0.004846715927124023,0.00010336160085095272,0.002921390533447266,0.0003440465978923835,0.5,7.5,0.001,"{'C': 0.5, 'coef0': 7.5, 'gamma': 0.001}",0.0,0.0,0.0,0.0,0.0,0.0,0.0,107,0.5,0.3333333333333333
79,0.004900312423706055,0.0003370503004049439,0.002812957763671875,0.0002655811150162131,0.5,7.5,0.0001,"{'C': 0.5, 'coef0': 7.5, 'gamma': 0.0001}",0.0,0.0,0.0,0.0,0.0,0.0,0.0,107,0.5,0.3333333333333333
80,0.005052900314331055,0.0006090781517770707,0.0029322147369384766,0.00015809669553031077,0.5,9.0,1,"{'C': 0.5, 'coef0': 9.0, 'gamma': 1}",0.3157894736842105,0.0,0.05263157894736842,0.15789473684210525,0.0,0.10526315789473684,0.12001846579990925,82,0.5,0.3333333333333333
81,0.004789304733276367,0.0001412071266383927,0.0033612728118896486,0.0010227002054194526,0.5,9.0,0.1,"{'C': 0.5, 'coef0': 9.0, 'gamma': 0.1}",0.0,0.0,0.0,0.0,0.0,0.0,0.0,107,0.5,0.3333333333333333
82,0.00500955581665039,0.00025090284088990854,0.002869319915771484,0.00017746687535995543,0.5,9.0,0.01,"{'C': 0.5, 'coef0': 9.0, 'gamma': 0.01}",0.0,0.0,0.0,0.0,0.0,0.0,0.0,107,0.5,0.3333333333333333
83,0.005082273483276367,0.00034617069314239664,0.0030124664306640627,0.0002419456610446244,0.5,9.0,0.001,"{'C': 0.5, 'coef0': 9.0, 'gamma': 0.001}",0.0,0.0,0.0,0.0,0.0,0.0,0.0,107,0.5,0.3333333333333333
84,0.005406570434570312,0.0005914924486770287,0.00312190055847168,0.00031386457708388325,0.5,9.0,0.0001,"{'C': 0.5, 'coef0': 9.0, 'gamma': 0.0001}",0.0,0.0,0.0,0.0,0.0,0.0,0.0,107,0.5,0.3333333333333333
85,0.0056759357452392575,0.0005795880159885121,0.003083038330078125,0.0004256637575970263,0.5,10.5,1,"{'C': 0.5, 'coef0': 10.5, 'gamma': 1}",0.15789473684210525,0.05263157894736842,0.0,0.0,0.0,0.042105263157894736,0.061378440998371586,91,0.5,0.3333333333333333
86,0.004745578765869141,0.0002580333072275814,0.00276947021484375,0.00017300326335263725,0.5,10.5,0.1,"{'C': 0.5, 'coef0': 10.5, 'gamma': 0.1}",0.0,0.0,0.0,0.0,0.0,0.0,0.0,107,0.5,0.3333333333333333
87,0.005071020126342774,0.00029962952125503576,0.00286250114440918,0.00022687721572339892,0.5,10.5,0.01,"{'C': 0.5, 'coef0': 10.5, 'gamma': 0.01}",0.0,0.0,0.0,0.0,0.0,0.0,0.0,107,0.5,0.3333333333333333
88,0.004887628555297852,0.00014632495447999336,0.002651500701904297,4.227004744869615e-05,0.5,10.5,0.001,"{'C': 0.5, 'coef0': 10.5, 'gamma': 0.001}",0.0,0.0,0.0,0.0,0.0,0.0,0.0,107,0.5,0.3333333333333333
89,0.005009508132934571,0.0003248287590428058,0.002927875518798828,0.0003511053572416721,0.5,10.5,0.0001,"{'C': 0.5, 'coef0': 10.5, 'gamma': 0.0001}",0.0,0.0,0.0,0.0,0.0,0.0,0.0,107,0.5,0.3333333333333333
90,0.005553388595581054,0.0008432140769509182,0.00317230224609375,0.0002196331102765584,0.5,12.0,1,"{'C': 0.5, 'coef0': 12.0, 'gamma': 1}",0.05263157894736842,0.0,0.0,0.0,0.0,0.010526315789473684,0.021052631578947364,97,0.5,0.3333333333333333
91,0.005901622772216797,0.0007174637315232689,0.003276824951171875,0.0004097682300357316,0.5,12.0,0.1,"{'C': 0.5, 'coef0': 12.0, 'gamma': 0.1}",0.0,0.0,0.0,0.0,0.0,0.0,0.0,107,0.5,0.3333333333333333
92,0.0061816215515136715,0.001974223328056347,0.0031764984130859377,0.0006863611910872179,0.5,12.0,0.01,"{'C': 0.5, 'coef0': 12.0, 'gamma': 0.01}",0.0,0.0,0.0,0.0,0.0,0.0,0.0,107,0.5,0.3333333333333333
93,0.0056182861328125,0.0015026200268202527,0.0029062747955322264,0.00034468712178788803,0.5,12.0,0.001,"{'C': 0.5, 'coef0': 12.0, 'gamma': 0.001}",0.0,0.0,0.0,0.0,0.0,0.0,0.0,107,0.5,0.3333333333333333
94,0.005447483062744141,0.001012659305265863,0.0029770851135253905,0.0005611805007924945,0.5,12.0,0.0001,"{'C': 0.5, 'coef0': 12.0, 'gamma': 0.0001}",0.0,0.0,0.0,0.0,0.0,0.0,0.0,107,0.5,0.3333333333333333
95,0.005400276184082032,0.0009350132591751327,0.0027236461639404295,0.00019063776644236691,0.5,13.5,1,"{'C': 0.5, 'coef0': 13.5, 'gamma': 1}",0.05263157894736842,0.0,0.0,0.0,0.0,0.010526315789473684,0.021052631578947364,97,0.5,0.3333333333333333
96,0.00459446907043457,0.0001943151848027259,0.0026624202728271484,0.0002586850153122168,0.5,13.5,0.1,"{'C': 0.5, 'coef0': 13.5, 'gamma': 0.1}",0.0,0.0,0.0,0.0,0.0,0.0,0.0,107,0.5,0.3333333333333333
97,0.00476527214050293,0.00011691333397368627,0.002744770050048828,0.0002042598409920111,0.5,13.5,0.01,"{'C': 0.5, 'coef0': 13.5, 'gamma': 0.01}",0.0,0.0,0.0,0.0,0.0,0.0,0.0,107,0.5,0.3333333333333333
98,0.004843997955322266,0.00035098782518701467,0.002648067474365234,7.912816317677249e-05,0.5,13.5,0.001,"{'C': 0.5, 'coef0': 13.5, 'gamma': 0.001}",0.0,0.0,0.0,0.0,0.0,0.0,0.0,107,0.5,0.3333333333333333
99,0.004684829711914062,0.00019836990871083206,0.002636098861694336,8.072877028779585e-05,0.5,13.5,0.0001,"{'C': 0.5, 'coef0': 13.5, 'gamma': 0.0001}",0.0,0.0,0.0,0.0,0.0,0.0,0.0,107,0.5,0.3333333333333333
100,0.004671621322631836,0.0002269043733990394,0.002791309356689453,0.0003649187947551932,1,0.0,1,"{'C': 1, 'coef0': 0.0, 'gamma': 1}",0.5263157894736842,0.3684210526315789,0.5263157894736842,0.42105263157894735,0.42105263157894735,0.4526315789473684,0.0631578947368421,24,0.5,0.3333333333333333
101,0.0047205924987792965,0.0002545810589683788,0.002647733688354492,0.0001617726965924439,1,0.0,0.1,"{'C': 1, 'coef0': 0.0, 'gamma': 0.1}",0.6842105263157895,0.5263157894736842,0.5263157894736842,0.47368421052631576,0.5263157894736842,0.5473684210526316,0.07139294719079232,1,0.5,0.3333333333333333
102,0.004623985290527344,0.0005696534586597351,0.003313493728637695,0.0006581247206729247,1,0.0,0.01,"{'C': 1, 'coef0': 0.0, 'gamma': 0.01}",0.0,0.0,0.05263157894736842,0.0,0.0,0.010526315789473684,0.021052631578947364,97,0.5,0.3333333333333333
103,0.004433107376098633,0.0004494227376323842,0.002580595016479492,0.00023600517438887976,1,0.0,0.001,"{'C': 1, 'coef0': 0.0, 'gamma': 0.001}",0.0,0.0,0.0,0.0,0.0,0.0,0.0,107,0.5,0.3333333333333333
104,0.004145574569702148,0.000114211946148477,0.0025904178619384766,0.0002867021629808421,1,0.0,0.0001,"{'C': 1, 'coef0': 0.0, 'gamma': 0.0001}",0.0,0.0,0.0,0.0,0.0,0.0,0.0,107,0.5,0.3333333333333333
105,0.00539708137512207,0.0009826549160482996,0.002949094772338867,0.00047292267512115047,1,1.5,1,"{'C': 1, 'coef0': 1.5, 'gamma': 1}",0.42105263157894735,0.3157894736842105,0.47368421052631576,0.2631578947368421,0.42105263157894735,0.3789473684210526,0.07735230766683719,50,0.5,0.3333333333333333
106,0.004719209671020508,3.51294707961159e-05,0.002614927291870117,8.077365303706921e-05,1,1.5,0.1,"{'C': 1, 'coef0': 1.5, 'gamma': 0.1}",0.05263157894736842,0.05263157894736842,0.10526315789473684,0.0,0.21052631578947367,0.08421052631578947,0.0713929471907923,86,0.5,0.3333333333333333
107,0.005112695693969727,0.0002602925334975969,0.0028493404388427734,0.00033227075922204446,1,1.5,0.01,"{'C': 1, 'coef0': 1.5, 'gamma': 0.01}",0.0,0.0,0.0,0.0,0.0,0.0,0.0,107,0.5,0.3333333333333333
108,0.00489954948425293,0.0001983288586648665,0.002704000473022461,0.00020920366149835025,1,1.5,0.001,"{'C': 1, 'coef0': 1.5, 'gamma': 0.001}",0.0,0.0,0.0,0.0,0.0,0.0,0.0,107,0.5,0.3333333333333333
109,0.005916023254394531,0.0016358510165677257,0.003634023666381836,0.0011150479479205245,1,1.5,0.0001,"{'C': 1, 'coef0': 1.5, 'gamma': 0.0001}",0.0,0.0,0.0,0.0,0.0,0.0,0.0,107,0.5,0.3333333333333333
110,0.0048583030700683595,0.0005132510773738148,0.003059530258178711,0.0009191060727948923,1,3.0,1,"{'C': 1, 'coef0': 3.0, 'gamma': 1}",0.5263157894736842,0.42105263157894735,0.3157894736842105,0.3684210526315789,0.5789473684210527,0.44210526315789467,0.09761703679469162,27,0.5,0.3333333333333333
111,0.0050160884857177734,0.00034417467251432915,0.00277857780456543,0.00031666667000661205,1,3.0,0.1,"{'C': 1, 'coef0': 3.0, 'gamma': 0.1}",0.0,0.0,0.0,0.0,0.0,0.0,0.0,107,0.5,0.3333333333333333
112,0.005991840362548828,0.0017976467651282968,0.0033530235290527345,0.000804376086298708,1,3.0,0.01,"{'C': 1, 'coef0': 3.0, 'gamma': 0.01}",0.0,0.0,0.0,0.0,0.0,0.0,0.0,107,0.5,0.3333333333333333
113,0.005311012268066406,0.00045584602324369347,0.0031466007232666014,0.0005828359030841558,1,3.0,0.001,"{'C': 1, 'coef0': 3.0, 'gamma': 0.001}",0.0,0.0,0.0,0.0,0.0,0.0,0.0,107,0.5,0.3333333333333333
114,0.005167484283447266,0.0004521777404805016,0.0030144691467285157,0.0003107784340378335,1,3.0,0.0001,"{'C': 1, 'coef0': 3.0, 'gamma': 0.0001}",0.0,0.0,0.0,0.0,0.0,0.0,0.0,107,0.5,0.3333333333333333
115,0.004591798782348633,0.0006038970188039423,0.002498912811279297,0.00018654765505428397,1,4.5,1,"{'C': 1, 'coef0': 4.5, 'gamma': 1}",0.42105263157894735,0.3157894736842105,0.42105263157894735,0.47368421052631576,0.42105263157894735,0.41052631578947363,0.051568205111224806,38,0.5,0.3333333333333333
116,0.005525732040405273,0.0011892000632326137,0.002794218063354492,0.00020655061123100107,1,4.5,0.1,"{'C': 1, 'coef0': 4.5, 'gamma': 0.1}",0.0,0.0,0.0,0.0,0.0,0.0,0.0,107,0.5,0.3333333333333333
117,0.005038261413574219,0.00038695892134896047,0.0027308940887451174,0.00015152136784069175,1,4.5,0.01,"{'C': 1, 'coef0': 4.5, 'gamma': 0.01}",0.0,0.0,0.0,0.0,0.0,0.0,0.0,107,0.5,0.3333333333333333
118,0.004870843887329101,0.00027313386427855395,0.002711963653564453,0.00013528739953678402,1,4.5,0.001,"{'C': 1, 'coef0': 4.5, 'gamma': 0.001}",0.0,0.0,0.0,0.0,0.0,0.0,0.0,107,0.5,0.3333333333333333
119,0.004994010925292969,0.0003264506587300688,0.002759408950805664,0.00010852476409738596,1,4.5,0.0001,"{'C': 1, 'coef0': 4.5, 'gamma': 0.0001}",0.0,0.0,0.0,0.0,0.0,0.0,0.0,107,0.5,0.3333333333333333
120,0.00474095344543457,0.0005077656403127154,0.002552700042724609,9.06385034731742e-05,1,6.0,1,"{'C': 1, 'coef0': 6.0, 'gamma': 1}",0.42105263157894735,0.3157894736842105,0.15789473684210525,0.3684210526315789,0.3684210526315789,0.3263157894736842,0.09055079228465923,56,0.5,0.3333333333333333
121,0.005065059661865235,0.00028593672889084117,0.002656841278076172,0.0001135065358858047,1,6.0,0.1,"{'C': 1, 'coef0': 6.0, 'gamma': 0.1}",0.0,0.0,0.0,0.0,0.0,0.0,0.0,107,0.5,0.3333333333333333
122,0.0048640727996826175,0.00022629254742010662,0.003177309036254883,0.0010417518328770712,1,6.0,0.01,"{'C': 1, 'coef0': 6.0, 'gamma': 0.01}",0.0,0.0,0.0,0.0,0.0,0.0,0.0,107,0.5,0.3333333333333333
123,0.0048618316650390625,9.639378440124106e-05,0.0028472900390625,0.00029665060950146696,1,6.0,0.001,"{'C': 1, 'coef0': 6.0, 'gamma': 0.001}",0.0,0.0,0.0,0.0,0.0,0.0,0.0,107,0.5,0.3333333333333333
124,0.005734825134277343,0.0006914774207810456,0.0031516551971435547,0.00045426969958881617,1,6.0,0.0001,"{'C': 1, 'coef0': 6.0, 'gamma': 0.0001}",0.0,0.0,0.0,0.0,0.0,0.0,0.0,107,0.5,0.3333333333333333
125,0.004330730438232422,0.00036591088524644386,0.0025127887725830077,0.00010104207510951783,1,7.5,1,"{'C': 1, 'coef0': 7.5, 'gamma': 1}",0.3684210526315789,0.2631578947368421,0.3684210526315789,0.2631578947368421,0.10526315789473684,0.27368421052631575,0.09647527778854399,65,0.5,0.3333333333333333
126,0.004752397537231445,0.00022146670884270849,0.002628135681152344,7.228958259938917e-05,1,7.5,0.1,"{'C': 1, 'coef0': 7.5, 'gamma': 0.1}",0.0,0.0,0.0,0.0,0.0,0.0,0.0,107,0.5,0.3333333333333333
127,0.004979181289672852,0.0004724208742183123,0.002857351303100586,0.00019311048936123383,1,7.5,0.01,"{'C': 1, 'coef0': 7.5, 'gamma': 0.01}",0.0,0.0,0.0,0.0,0.0,0.0,0.0,107,0.5,0.3333333333333333
128,0.004776191711425781,0.0002120691862447395,0.0026250362396240236,8.26882104766629e-05,1,7.5,0.001,"{'C': 1, 'coef0': 7.5, 'gamma': 0.001}",0.0,0.0,0.0,0.0,0.0,0.0,0.0,107,0.5,0.3333333333333333
129,0.004546451568603516,7.342075271830648e-05,0.0026906490325927734,9.882564854617143e-05,1,7.5,0.0001,"{'C': 1, 'coef0': 7.5, 'gamma': 0.0001}",0.0,0.0,0.0,0.0,0.0,0.0,0.0,107,0.5,0.3333333333333333
130,0.004800033569335937,0.00020537833086280987,0.0027640342712402345,0.000232582494276443,1,9.0,1,"{'C': 1, 'coef0': 9.0, 'gamma': 1}",0.3157894736842105,0.0,0.05263157894736842,0.15789473684210525,0.0,0.10526315789473684,0.12001846579990925,82,0.5,0.3333333333333333
131,0.004709815979003907,0.00010145214541205776,0.0026163578033447264,4.433852309444628e-05,1,9.0,0.1,"{'C': 1, 'coef0': 9.0, 'gamma': 0.1}",0.0,0.0,0.0,0.0,0.0,0.0,0.0,107,0.5,0.3333333333333333
132,0.0049468994140625,0.0001696089328066758,0.00279388427734375,0.00023626093156126025,1,9.0,0.01,"{'C': 1, 'coef0': 9.0, 'gamma': 0.01}",0.0,0.0,0.0,0.0,0.0,0.0,0.0,107,0.5,0.3333333333333333
133,0.005696249008178711,0.0013413478452536014,0.0032236576080322266,0.0009906100364236907,1,9.0,0.001,"{'C': 1, 'coef0': 9.0, 'gamma': 0.001}",0.0,0.0,0.0,0.0,0.0,0.0,0.0,107,0.5,0.3333333333333333
134,0.004911231994628906,0.0003679625213738217,0.0028911113739013674,0.00030394957481902135,1,9.0,0.0001,"{'C': 1, 'coef0': 9.0, 'gamma': 0.0001}",0.0,0.0,0.0,0.0,0.0,0.0,0.0,107,0.5,0.3333333333333333
135,0.005320024490356445,0.0008633895744264765,0.0031233787536621093,0.0003736146968511972,1,10.5,1,"{'C': 1, 'coef0': 10.5, 'gamma': 1}",0.15789473684210525,0.21052631578947367,0.0,0.0,0.05263157894736842,0.08421052631578947,0.0855161937330101,86,0.5,0.3333333333333333
136,0.004715061187744141,0.00019597987478947056,0.0026584148406982424,8.034251904878843e-05,1,10.5,0.1,"{'C': 1, 'coef0': 10.5, 'gamma': 0.1}",0.0,0.0,0.0,0.0,0.0,0.0,0.0,107,0.5,0.3333333333333333
137,0.005118513107299804,0.0008013770393753953,0.002709054946899414,0.0001283899079591679,1,10.5,0.01,"{'C': 1, 'coef0': 10.5, 'gamma': 0.01}",0.0,0.0,0.0,0.0,0.0,0.0,0.0,107,0.5,0.3333333333333333
138,0.0047645092010498045,0.00016325774833347373,0.002719879150390625,0.00014226195077777983,1,10.5,0.001,"{'C': 1, 'coef0': 10.5, 'gamma': 0.001}",0.0,0.0,0.0,0.0,0.0,0.0,0.0,107,0.5,0.3333333333333333
139,0.005394935607910156,0.0010904952742399239,0.0038735389709472655,0.001652367329668773,1,10.5,0.0001,"{'C': 1, 'coef0': 10.5, 'gamma': 0.0001}",0.0,0.0,0.0,0.0,0.0,0.0,0.0,107,0.5,0.3333333333333333
140,0.004842376708984375,8.913776559937534e-05,0.0028207778930664064,0.0002526087049480037,1,12.0,1,"{'C': 1, 'coef0': 12.0, 'gamma': 1}",0.10526315789473684,0.0,0.0,0.0,0.0,0.021052631578947368,0.04210526315789473,94,0.5,0.3333333333333333
141,0.004851007461547851,0.0001758785012928965,0.0027788162231445314,0.000251625454825627,1,12.0,0.1,"{'C': 1, 'coef0': 12.0, 'gamma': 0.1}",0.0,0.0,0.0,0.0,0.0,0.0,0.0,107,0.5,0.3333333333333333
142,0.00603337287902832,0.002607914860555738,0.0033994674682617187,0.0009950074682082226,1,12.0,0.01,"{'C': 1, 'coef0': 12.0, 'gamma': 0.01}",0.0,0.0,0.0,0.0,0.0,0.0,0.0,107,0.5,0.3333333333333333
143,0.0049915313720703125,0.0002675551523375294,0.003475046157836914,0.0008579966938266383,1,12.0,0.001,"{'C': 1, 'coef0': 12.0, 'gamma': 0.001}",0.0,0.0,0.0,0.0,0.0,0.0,0.0,107,0.5,0.3333333333333333
144,0.005843448638916016,0.0013509993730717656,0.0034677982330322266,0.00076906575772792,1,12.0,0.0001,"{'C': 1, 'coef0': 12.0, 'gamma': 0.0001}",0.0,0.0,0.0,0.0,0.0,0.0,0.0,107,0.5,0.3333333333333333
145,0.005888175964355469,0.001300409936997289,0.0029808998107910155,0.00032776980879930764,1,13.5,1,"{'C': 1, 'coef0': 13.5, 'gamma': 1}",0.10526315789473684,0.0,0.0,0.0,0.0,0.021052631578947368,0.04210526315789473,94,0.5,0.3333333333333333
146,0.004597902297973633,5.6855308187022794e-05,0.002590370178222656,8.605443084365375e-05,1,13.5,0.1,"{'C': 1, 'coef0': 13.5, 'gamma': 0.1}",0.0,0.0,0.0,0.0,0.0,0.0,0.0,107,0.5,0.3333333333333333
147,0.004537105560302734,6.35357555540118e-05,0.0026841163635253906,0.0002943823237685824,1,13.5,0.01,"{'C': 1, 'coef0': 13.5, 'gamma': 0.01}",0.0,0.0,0.0,0.0,0.0,0.0,0.0,107,0.5,0.3333333333333333
148,0.004734849929809571,0.0003036314138577817,0.002561616897583008,9.327212721540012e-05,1,13.5,0.001,"{'C': 1, 'coef0': 13.5, 'gamma': 0.001}",0.0,0.0,0.0,0.0,0.0,0.0,0.0,107,0.5,0.3333333333333333
149,0.004705476760864258,0.00010449322490115895,0.0026990413665771485,0.00015217409053462134,1,13.5,0.0001,"{'C': 1, 'coef0': 13.5, 'gamma': 0.0001}",0.0,0.0,0.0,0.0,0.0,0.0,0.0,107,0.5,0.3333333333333333
150,0.004266262054443359,9.892400292532044e-05,0.0024643898010253905,0.00016256794905581396,10,0.0,1,"{'C': 10, 'coef0': 0.0, 'gamma': 1}",0.42105263157894735,0.3684210526315789,0.5263157894736842,0.42105263157894735,0.47368421052631576,0.4421052631578948,0.053673889616766154,26,0.5,0.3333333333333333
151,0.004092502593994141,0.00029318023135426553,0.0023489475250244142,6.49240363995977e-05,10,0.0,0.1,"{'C': 10, 'coef0': 0.0, 'gamma': 0.1}",0.631578947368421,0.47368421052631576,0.3684210526315789,0.21052631578947367,0.47368421052631576,0.43157894736842106,0.13885164166603073,29,0.5,0.3333333333333333
152,0.004475688934326172,0.00048424823321087314,0.002558994293212891,0.00014457301597266923,10,0.0,0.01,"{'C': 10, 'coef0': 0.0, 'gamma': 0.01}",0.6842105263157895,0.42105263157894735,0.3684210526315789,0.3157894736842105,0.5789473684210527,0.47368421052631576,0.13724636642531893,18,0.5,0.3333333333333333
153,0.004287433624267578,9.712968083479971e-05,0.0026101112365722657,0.00010720245312797512,10,0.0,0.001,"{'C': 10, 'coef0': 0.0, 'gamma': 0.001}",0.0,0.0,0.05263157894736842,0.0,0.0,0.010526315789473684,0.021052631578947364,97,0.5,0.3333333333333333
154,0.0049346923828125,0.0009442662575232758,0.002626180648803711,0.00024228522539654332,10,0.0,0.0001,"{'C': 10, 'coef0': 0.0, 'gamma': 0.0001}",0.0,0.0,0.0,0.0,0.0,0.0,0.0,107,0.5,0.3333333333333333
155,0.004587030410766602,0.00019028465065584174,0.002624797821044922,0.0002658447512451386,10,1.5,1,"{'C': 10, 'coef0': 1.5, 'gamma': 1}",0.47368421052631576,0.21052631578947367,0.5789473684210527,0.2631578947368421,0.42105263157894735,0.3894736842105263,0.1356220918602645,46,0.5,0.3333333333333333
156,0.004417991638183594,0.00028368170689015707,0.002476072311401367,8.363764533331708e-05,10,1.5,0.1,"{'C': 10, 'coef0': 1.5, 'gamma': 0.1}",0.47368421052631576,0.3684210526315789,0.5263157894736842,0.5789473684210527,0.5789473684210527,0.5052631578947369,0.07877173445839877,10,0.5,0.3333333333333333
157,0.005096244812011719,0.00023305985743787995,0.0027069091796875,0.00012004299457161727,10,1.5,0.01,"{'C': 10, 'coef0': 1.5, 'gamma': 0.01}",0.05263157894736842,0.15789473684210525,0.21052631578947367,0.05263157894736842,0.21052631578947367,0.13684210526315788,0.0713929471907923,79,0.5,0.3333333333333333
158,0.0053348541259765625,0.000575003434768894,0.002790975570678711,0.00013987166050591465,10,1.5,0.001,"{'C': 10, 'coef0': 1.5, 'gamma': 0.001}",0.0,0.0,0.0,0.0,0.0,0.0,0.0,107,0.5,0.3333333333333333
159,0.00524139404296875,0.0004966997553189795,0.003082752227783203,0.00043522006529604656,10,1.5,0.0001,"{'C': 10, 'coef0': 1.5, 'gamma': 0.0001}",0.0,0.0,0.0,0.0,0.0,0.0,0.0,107,0.5,0.3333333333333333
160,0.005097818374633789,0.0008635048218779371,0.0026118278503417967,0.0002831855311277682,10,3.0,1,"{'C': 10, 'coef0': 3.0, 'gamma': 1}",0.5263157894736842,0.3684210526315789,0.3157894736842105,0.3684210526315789,0.5789473684210527,0.43157894736842106,0.1020564180508701,29,0.5,0.3333333333333333
161,0.004852867126464844,0.00023175848802209868,0.0029041290283203123,0.000520519303405014,10,3.0,0.1,"{'C': 10, 'coef0': 3.0, 'gamma': 0.1}",0.05263157894736842,0.0,0.0,0.0,0.05263157894736842,0.021052631578947368,0.0257841025556124,94,0.5,0.3333333333333333
162,0.004958629608154297,0.0002742444670669238,0.0029935836791992188,0.0002976131287938821,10,3.0,0.01,"{'C': 10, 'coef0': 3.0, 'gamma': 0.01}",0.0,0.0,0.0,0.0,0.0,0.0,0.0,107,0.5,0.3333333333333333
163,0.005459642410278321,0.0005998340541441235,0.002922344207763672,0.0004416625611639921,10,3.0,0.001,"{'C': 10, 'coef0': 3.0, 'gamma': 0.001}",0.0,0.0,0.0,0.0,0.0,0.0,0.0,107,0.5,0.3333333333333333
164,0.005280113220214844,0.0006491979796003869,0.0037066459655761717,0.000941347558667983,10,3.0,0.0001,"{'C': 10, 'coef0': 3.0, 'gamma': 0.0001}",0.0,0.0,0.0,0.0,0.0,0.0,0.0,107,0.5,0.3333333333333333
165,0.005103969573974609,0.0005259309066078011,0.0033203601837158204,0.0006334090688693805,10,4.5,1,"{'C': 10, 'coef0': 4.5, 'gamma': 1}",0.42105263157894735,0.3157894736842105,0.42105263157894735,0.47368421052631576,0.3157894736842105,0.3894736842105263,0.06315789473684211,46,0.5,0.3333333333333333
166,0.005221891403198242,0.00043786059596782184,0.0029433727264404296,0.0003264637178893314,10,4.5,0.1,"{'C': 10, 'coef0': 4.5, 'gamma': 0.1}",0.0,0.0,0.0,0.0,0.0,0.0,0.0,107,0.5,0.3333333333333333
167,0.005659675598144532,0.0005315605308849583,0.0032130718231201173,0.0004081059673313526,10,4.5,0.01,"{'C': 10, 'coef0': 4.5, 'gamma': 0.01}",0.0,0.0,0.0,0.0,0.0,0.0,0.0,107,0.5,0.3333333333333333
168,0.004786968231201172,0.0003475722273090367,0.0028058528900146485,0.00016531770291002947,10,4.5,0.001,"{'C': 10, 'coef0': 4.5, 'gamma': 0.001}",0.0,0.0,0.0,0.0,0.0,0.0,0.0,107,0.5,0.3333333333333333
169,0.005127143859863281,0.00020869122384353008,0.0029067516326904295,0.00021604251362922048,10,4.5,0.0001,"{'C': 10, 'coef0': 4.5, 'gamma': 0.0001}",0.0,0.0,0.0,0.0,0.0,0.0,0.0,107,0.5,0.3333333333333333
170,0.004204607009887696,8.797608093760827e-05,0.0024758338928222655,7.472763987866957e-05,10,6.0,1,"{'C': 10, 'coef0': 6.0, 'gamma': 1}",0.42105263157894735,0.3157894736842105,0.3157894736842105,0.3684210526315789,0.3684210526315789,0.35789473684210527,0.03938586722919938,54,0.5,0.3333333333333333
171,0.0047454357147216795,7.461783950479377e-05,0.0027028560638427735,0.00010682318828102103,10,6.0,0.1,"{'C': 10, 'coef0': 6.0, 'gamma': 0.1}",0.0,0.0,0.0,0.0,0.0,0.0,0.0,107,0.5,0.3333333333333333
172,0.005975151062011718,0.0025730301778323574,0.002820730209350586,0.00036847253169713733,10,6.0,0.01,"{'C': 10, 'coef0': 6.0, 'gamma': 0.01}",0.0,0.0,0.0,0.0,0.0,0.0,0.0,107,0.5,0.3333333333333333
173,0.004549789428710938,0.00014320138353683673,0.002634572982788086,7.840664581128223e-05,10,6.0,0.001,"{'C': 10, 'coef0': 6.0, 'gamma': 0.001}",0.0,0.0,0.0,0.0,0.0,0.0,0.0,107,0.5,0.3333333333333333
174,0.004580926895141601,0.0002489294303165316,0.002753162384033203,0.00026762515133881676,10,6.0,0.0001,"{'C': 10, 'coef0': 6.0, 'gamma': 0.0001}",0.0,0.0,0.0,0.0,0.0,0.0,0.0,107,0.5,0.3333333333333333
175,0.0045145988464355465,0.00027397233209471304,0.002512407302856445,6.708886997916185e-05,10,7.5,1,"{'C': 10, 'coef0': 7.5, 'gamma': 1}",0.3684210526315789,0.2631578947368421,0.3684210526315789,0.2631578947368421,0.2631578947368421,0.3052631578947368,0.0515682051112248,62,0.5,0.3333333333333333
176,0.004730129241943359,7.08040722748031e-05,0.0026943206787109373,0.00010993846499632335,10,7.5,0.1,"{'C': 10, 'coef0': 7.5, 'gamma': 0.1}",0.0,0.0,0.0,0.0,0.0,0.0,0.0,107,0.5,0.3333333333333333
177,0.005098533630371094,0.0004481534035216913,0.0028471946716308594,0.00029694438213954526,10,7.5,0.01,"{'C': 10, 'coef0': 7.5, 'gamma': 0.01}",0.0,0.0,0.0,0.0,0.0,0.0,0.0,107,0.5,0.3333333333333333
178,0.0060179710388183595,0.0025615931106469595,0.003052520751953125,0.00042718024150808825,10,7.5,0.001,"{'C': 10, 'coef0': 7.5, 'gamma': 0.001}",0.0,0.0,0.0,0.0,0.0,0.0,0.0,107,0.5,0.3333333333333333
179,0.0048388481140136715,0.0002576659904407091,0.0027484893798828125,9.116098912643377e-05,10,7.5,0.0001,"{'C': 10, 'coef0': 7.5, 'gamma': 0.0001}",0.0,0.0,0.0,0.0,0.0,0.0,0.0,107,0.5,0.3333333333333333
180,0.004494333267211914,0.00020528942282346436,0.0026278018951416014,5.9491699018949525e-05,10,9.0,1,"{'C': 10, 'coef0': 9.0, 'gamma': 1}",0.3157894736842105,0.3157894736842105,0.05263157894736842,0.0,0.05263157894736842,0.14736842105263154,0.13885164166603073,78,0.5,0.3333333333333333
181,0.004984378814697266,0.0003784623812178081,0.0029483318328857424,0.00036635716940995876,10,9.0,0.1,"{'C': 10, 'coef0': 9.0, 'gamma': 0.1}",0.0,0.0,0.0,0.0,0.0,0.0,0.0,107,0.5,0.3333333333333333
182,0.004965639114379883,0.00031407398410569955,0.0027941226959228515,0.00019484680739545956,10,9.0,0.01,"{'C': 10, 'coef0': 9.0, 'gamma': 0.01}",0.0,0.0,0.0,0.0,0.0,0.0,0.0,107,0.5,0.3333333333333333
183,0.004622554779052735,7.706750664350055e-05,0.0028638839721679688,0.00036800569952197775,10,9.0,0.001,"{'C': 10, 'coef0': 9.0, 'gamma': 0.001}",0.0,0.0,0.0,0.0,0.0,0.0,0.0,107,0.5,0.3333333333333333
184,0.004910421371459961,0.00031477556897634824,0.0027036190032958983,0.00015498619015320985,10,9.0,0.0001,"{'C': 10, 'coef0': 9.0, 'gamma': 0.0001}",0.0,0.0,0.0,0.0,0.0,0.0,0.0,107,0.5,0.3333333333333333
185,0.004860591888427734,0.00011879184110863982,0.002666664123535156,0.00016572471145862017,10,10.5,1,"{'C': 10, 'coef0': 10.5, 'gamma': 1}",0.21052631578947367,0.2631578947368421,0.05263157894736842,0.0,0.10526315789473684,0.12631578947368421,0.09761703679469161,80,0.5,0.3333333333333333
186,0.0046711921691894535,0.00010325452567249072,0.002729988098144531,0.00018532940971525532,10,10.5,0.1,"{'C': 10, 'coef0': 10.5, 'gamma': 0.1}",0.0,0.0,0.0,0.0,0.0,0.0,0.0,107,0.5,0.3333333333333333
187,0.004761743545532227,0.00017353920895207229,0.0027799606323242188,9.33387270128831e-05,10,10.5,0.01,"{'C': 10, 'coef0': 10.5, 'gamma': 0.01}",0.0,0.0,0.0,0.0,0.0,0.0,0.0,107,0.5,0.3333333333333333
188,0.004687976837158203,0.00013414382731170412,0.0027605533599853516,0.00021945663394202464,10,10.5,0.001,"{'C': 10, 'coef0': 10.5, 'gamma': 0.001}",0.0,0.0,0.0,0.0,0.0,0.0,0.0,107,0.5,0.3333333333333333
189,0.004833650588989258,0.00022640976455589573,0.002901315689086914,0.00035111974648250547,10,10.5,0.0001,"{'C': 10, 'coef0': 10.5, 'gamma': 0.0001}",0.0,0.0,0.0,0.0,0.0,0.0,0.0,107,0.5,0.3333333333333333
190,0.004839468002319336,0.00027884829543264075,0.0027266025543212892,0.00015396520268640091,10,12.0,1,"{'C': 10, 'coef0': 12.0, 'gamma': 1}",0.15789473684210525,0.10526315789473684,0.0,0.0,0.0,0.05263157894736842,0.0665742665298606,89,0.5,0.3333333333333333
191,0.00471644401550293,7.464023288677614e-05,0.002762508392333984,0.00020096174040122144,10,12.0,0.1,"{'C': 10, 'coef0': 12.0, 'gamma': 0.1}",0.0,0.0,0.0,0.0,0.0,0.0,0.0,107,0.5,0.3333333333333333
192,0.0045108795166015625,0.00019706053497129132,0.002673625946044922,0.00011040762564707583,10,12.0,0.01,"{'C': 10, 'coef0': 12.0, 'gamma': 0.01}",0.0,0.0,0.0,0.0,0.0,0.0,0.0,107,0.5,0.3333333333333333
193,0.004726934432983399,0.0003210930713950544,0.0028888225555419923,0.00016155659513720634,10,12.0,0.001,"{'C': 10, 'coef0': 12.0, 'gamma': 0.001}",0.0,0.0,0.0,0.0,0.0,0.0,0.0,107,0.5,0.3333333333333333
194,0.00518651008605957,0.0009302912998267522,0.002755880355834961,0.00012006623295380226,10,12.0,0.0001,"{'C': 10, 'coef0': 12.0, 'gamma': 0.0001}",0.0,0.0,0.0,0.0,0.0,0.0,0.0,107,0.5,0.3333333333333333
195,0.0053176403045654295,0.0005982660241961928,0.0030228137969970704,0.0003178843990182222,10,13.5,1,"{'C': 10, 'coef0': 13.5, 'gamma': 1}",0.10526315789473684,0.0,0.0,0.05263157894736842,0.0,0.031578947368421054,0.042105263157894736,93,0.5,0.3333333333333333
196,0.004585409164428711,0.0001289655086265893,0.00263519287109375,7.036287695594978e-05,10,13.5,0.1,"{'C': 10, 'coef0': 13.5, 'gamma': 0.1}",0.0,0.0,0.0,0.0,0.0,0.0,0.0,107,0.5,0.3333333333333333
197,0.004500007629394532,0.0001774621476042178,0.002623128890991211,5.183230876472333e-05,10,13.5,0.01,"{'C': 10, 'coef0': 13.5, 'gamma': 0.01}",0.0,0.0,0.0,0.0,0.0,0.0,0.0,107,0.5,0.3333333333333333
198,0.004593944549560547,2.6499707576865913e-05,0.0026636123657226562,5.724290566450178e-05,10,13.5,0.001,"{'C': 10, 'coef0': 13.5, 'gamma': 0.001}",0.0,0.0,0.0,0.0,0.0,0.0,0.0,107,0.5,0.3333333333333333
199,0.004640007019042968,0.00020419955453680882,0.0025939464569091795,5.275840613229736e-05,10,13.5,0.0001,"{'C': 10, 'coef0': 13.5, 'gamma': 0.0001}",0.0,0.0,0.0,0.0,0.0,0.0,0.0,107,0.5,0.3333333333333333
200,0.0044786930084228516,0.00033536994998846026,0.0025164127349853516,7.857078396119697e-05,50,0.0,1,"{'C': 50, 'coef0': 0.0, 'gamma': 1}",0.42105263157894735,0.3684210526315789,0.42105263157894735,0.47368421052631576,0.47368421052631576,0.43157894736842106,0.03938586722919938,29,0.5,0.3333333333333333
201,0.004045343399047852,0.000317133836795622,0.00240631103515625,8.88911179581379e-05,50,0.0,0.1,"{'C': 50, 'coef0': 0.0, 'gamma': 0.1}",0.631578947368421,0.5263157894736842,0.47368421052631576,0.42105263157894735,0.5263157894736842,0.5157894736842105,0.06982367979695578,8,0.5,0.3333333333333333
202,0.004787969589233399,0.0004832912064837344,0.0024805068969726562,0.0001678790527248841,50,0.0,0.01,"{'C': 50, 'coef0': 0.0, 'gamma': 0.01}",0.6842105263157895,0.42105263157894735,0.47368421052631576,0.3684210526315789,0.631578947368421,0.5157894736842105,0.12185091476621292,8,0.5,0.3333333333333333
203,0.004477357864379883,0.0004095523678443448,0.002555561065673828,6.935897658657602e-05,50,0.0,0.001,"{'C': 50, 'coef0': 0.0, 'gamma': 0.001}",0.5263157894736842,0.3684210526315789,0.3157894736842105,0.3157894736842105,0.5789473684210527,0.42105263157894735,0.11040093138633175,34,0.5,0.3333333333333333
204,0.004191827774047851,0.00021435054939255435,0.002609872817993164,0.00012988466510446364,50,0.0,0.0001,"{'C': 50, 'coef0': 0.0, 'gamma': 0.0001}",0.0,0.0,0.0,0.0,0.0,0.0,0.0,107,0.5,0.3333333333333333
205,0.004550457000732422,0.0003831265055326575,0.002826070785522461,0.000369011660881602,50,1.5,1,"{'C': 50, 'coef0': 1.5, 'gamma': 1}",0.5263157894736842,0.21052631578947367,0.42105263157894735,0.2631578947368421,0.47368421052631576,0.3789473684210526,0.12185091476621289,50,0.5,0.3333333333333333
206,0.004769134521484375,0.0005744878672399705,0.0028975486755371095,0.0003779336354400014,50,1.5,0.1,"{'C': 50, 'coef0': 1.5, 'gamma': 0.1}",0.631578947368421,0.47368421052631576,0.5263157894736842,0.47368421052631576,0.5789473684210527,0.5368421052631579,0.061378440998371586,2,0.5,0.3333333333333333
207,0.005120849609375,0.0003596166814394171,0.0031304359436035156,0.000499788741647258,50,1.5,0.01,"{'C': 50, 'coef0': 1.5, 'gamma': 0.01}",0.631578947368421,0.47368421052631576,0.5263157894736842,0.3157894736842105,0.5789473684210527,0.5052631578947369,0.10837505411565264,10,0.5,0.3333333333333333
208,0.005451631546020508,0.0005555691590610158,0.003377485275268555,0.0007391195355512058,50,1.5,0.001,"{'C': 50, 'coef0': 1.5, 'gamma': 0.001}",0.0,0.0,0.05263157894736842,0.0,0.0,0.010526315789473684,0.021052631578947364,97,0.5,0.3333333333333333
209,0.005289316177368164,0.0003615495868053489,0.0031379222869873046,0.0003563125773806729,50,1.5,0.0001,"{'C': 50, 'coef0': 1.5, 'gamma': 0.0001}",0.0,0.0,0.0,0.0,0.0,0.0,0.0,107,0.5,0.3333333333333333
210,0.004945898056030273,0.00041949738084878937,0.0028108596801757813,0.00017379007792050257,50,3.0,1,"{'C': 50, 'coef0': 3.0, 'gamma': 1}",0.5263157894736842,0.3684210526315789,0.3157894736842105,0.3684210526315789,0.5789473684210527,0.43157894736842106,0.1020564180508701,29,0.5,0.3333333333333333
211,0.004701137542724609,0.00013720785192502123,0.0027081966400146484,0.00021724331469990429,50,3.0,0.1,"{'C': 50, 'coef0': 3.0, 'gamma': 0.1}",0.42105263157894735,0.3157894736842105,0.42105263157894735,0.3684210526315789,0.42105263157894735,0.3894736842105263,0.042105263157894736,46,0.5,0.3333333333333333
212,0.005115509033203125,0.00038370419775333634,0.0030284404754638674,0.00041132810183032106,50,3.0,0.01,"{'C': 50, 'coef0': 3.0, 'gamma': 0.01}",0.0,0.0,0.0,0.0,0.0,0.0,0.0,107,0.5,0.3333333333333333
213,0.004739999771118164,7.650539778752362e-05,0.0027390003204345705,0.00011462350029287709,50,3.0,0.001,"{'C': 50, 'coef0': 3.0, 'gamma': 0.001}",0.0,0.0,0.0,0.0,0.0,0.0,0.0,107,0.5,0.3333333333333333
214,0.004726219177246094,9.177342776287521e-05,0.0027131557464599608,0.00017629298502548656,50,3.0,0.0001,"{'C': 50, 'coef0': 3.0, 'gamma': 0.0001}",0.0,0.0,0.0,0.0,0.0,0.0,0.0,107,0.5,0.3333333333333333
215,0.004293584823608398,0.00018289590058413887,0.002476215362548828,7.823094526912104e-05,50,4.5,1,"{'C': 50, 'coef0': 4.5, 'gamma': 1}",0.42105263157894735,0.3157894736842105,0.42105263157894735,0.47368421052631576,0.3684210526315789,0.4,0.053673889616766154,39,0.5,0.3333333333333333
216,0.005548524856567383,0.0014554936862969541,0.00295109748840332,0.0005131092513279827,50,4.5,0.1,"{'C': 50, 'coef0': 4.5, 'gamma': 0.1}",0.0,0.0,0.0,0.0,0.0,0.0,0.0,107,0.5,0.3333333333333333
217,0.005236911773681641,0.0005547789863525217,0.0031269550323486327,0.0005167978763286227,50,4.5,0.01,"{'C': 50, 'coef0': 4.5, 'gamma': 0.01}",0.0,0.0,0.0,0.0,0.0,0.0,0.0,107,0.5,0.3333333333333333
218,0.004723405838012696,0.00012657081670983442,0.0027491092681884766,0.000145149387605159,50,4.5,0.001,"{'C': 50, 'coef0': 4.5, 'gamma': 0.001}",0.0,0.0,0.0,0.0,0.0,0.0,0.0,107,0.5,0.3333333333333333
219,0.004807233810424805,0.00019313382457205615,0.0027554512023925783,0.00012392541811674166,50,4.5,0.0001,"{'C': 50, 'coef0': 4.5, 'gamma': 0.0001}",0.0,0.0,0.0,0.0,0.0,0.0,0.0,107,0.5,0.3333333333333333
220,0.004526758193969726,0.0003692807363603376,0.003165721893310547,0.000665156951652212,50,6.0,1,"{'C': 50, 'coef0': 6.0, 'gamma': 1}",0.42105263157894735,0.3157894736842105,0.47368421052631576,0.3684210526315789,0.42105263157894735,0.4,0.053673889616766154,39,0.5,0.3333333333333333
221,0.004899358749389649,0.0003386298149319672,0.0030203342437744142,0.0006853976168934426,50,6.0,0.1,"{'C': 50, 'coef0': 6.0, 'gamma': 0.1}",0.0,0.0,0.0,0.0,0.0,0.0,0.0,107,0.5,0.3333333333333333
222,0.004853153228759765,0.00013727524814077961,0.0030462265014648436,0.0005485814197511742,50,6.0,0.01,"{'C': 50, 'coef0': 6.0, 'gamma': 0.01}",0.0,0.0,0.0,0.0,0.0,0.0,0.0,107,0.5,0.3333333333333333
223,0.00468740463256836,9.671458991695206e-05,0.003008747100830078,0.0007259742394699973,50,6.0,0.001,"{'C': 50, 'coef0': 6.0, 'gamma': 0.001}",0.0,0.0,0.0,0.0,0.0,0.0,0.0,107,0.5,0.3333333333333333
224,0.005104827880859375,0.0006321785836892858,0.0031919479370117188,0.0007034336440906955,50,6.0,0.0001,"{'C': 50, 'coef0': 6.0, 'gamma': 0.0001}",0.0,0.0,0.0,0.0,0.0,0.0,0.0,107,0.5,0.3333333333333333
225,0.004737043380737304,0.00037709196578404196,0.0029680728912353516,0.0006449322955325002,50,7.5,1,"{'C': 50, 'coef0': 7.5, 'gamma': 1}",0.3684210526315789,0.2631578947368421,0.3684210526315789,0.2631578947368421,0.3684210526315789,0.3263157894736842,0.0515682051112248,56,0.5,0.3333333333333333
226,0.005280399322509765,0.000844607871042194,0.0027982234954833985,0.00015963270339931958,50,7.5,0.1,"{'C': 50, 'coef0': 7.5, 'gamma': 0.1}",0.0,0.0,0.0,0.0,0.0,0.0,0.0,107,0.5,0.3333333333333333
227,0.0050433635711669925,0.0007626817923810826,0.002899789810180664,0.0002589397266672774,50,7.5,0.01,"{'C': 50, 'coef0': 7.5, 'gamma': 0.01}",0.0,0.0,0.0,0.0,0.0,0.0,0.0,107,0.5,0.3333333333333333
228,0.004978799819946289,0.0004933251463299783,0.003288936614990234,0.001161153617740343,50,7.5,0.001,"{'C': 50, 'coef0': 7.5, 'gamma': 0.001}",0.0,0.0,0.0,0.0,0.0,0.0,0.0,107,0.5,0.3333333333333333
229,0.0052510261535644535,0.0011981647695864977,0.002768135070800781,0.00023868472503198865,50,7.5,0.0001,"{'C': 50, 'coef0': 7.5, 'gamma': 0.0001}",0.0,0.0,0.0,0.0,0.0,0.0,0.0,107,0.5,0.3333333333333333
230,0.005034923553466797,0.0006314089964874659,0.0028920650482177736,0.00025529486497042914,50,9.0,1,"{'C': 50, 'coef0': 9.0, 'gamma': 1}",0.3684210526315789,0.3157894736842105,0.05263157894736842,0.21052631578947367,0.10526315789473684,0.21052631578947362,0.12001846579990925,71,0.5,0.3333333333333333
231,0.005292034149169922,0.0007765314510902786,0.0030155181884765625,0.0004567357532557504,50,9.0,0.1,"{'C': 50, 'coef0': 9.0, 'gamma': 0.1}",0.0,0.0,0.0,0.0,0.0,0.0,0.0,107,0.5,0.3333333333333333
232,0.00487208366394043,0.00013940764706464178,0.0029944419860839845,0.0005183259082986569,50,9.0,0.01,"{'C': 50, 'coef0': 9.0, 'gamma': 0.01}",0.0,0.0,0.0,0.0,0.0,0.0,0.0,107,0.5,0.3333333333333333
233,0.004932212829589844,0.0002804763460587575,0.002813577651977539,0.0003996865728275729,50,9.0,0.001,"{'C': 50, 'coef0': 9.0, 'gamma': 0.001}",0.0,0.0,0.0,0.0,0.0,0.0,0.0,107,0.5,0.3333333333333333
234,0.005081033706665039,0.0004476839337614005,0.0031017303466796876,0.0005976036444370834,50,9.0,0.0001,"{'C': 50, 'coef0': 9.0, 'gamma': 0.0001}",0.0,0.0,0.0,0.0,0.0,0.0,0.0,107,0.5,0.3333333333333333
235,0.005994367599487305,0.0029593650380837903,0.0033170700073242186,0.0014028079594260445,50,10.5,1,"{'C': 50, 'coef0': 10.5, 'gamma': 1}",0.21052631578947367,0.3157894736842105,0.05263157894736842,0.0,0.3157894736842105,0.17894736842105263,0.13147364207154522,73,0.5,0.3333333333333333
236,0.004732704162597657,0.0004074923135926289,0.0027410030364990235,0.00019136174419943388,50,10.5,0.1,"{'C': 50, 'coef0': 10.5, 'gamma': 0.1}",0.0,0.0,0.0,0.0,0.0,0.0,0.0,107,0.5,0.3333333333333333
237,0.0060154438018798825,0.0020071725229251405,0.002954912185668945,0.0004321834673640409,50,10.5,0.01,"{'C': 50, 'coef0': 10.5, 'gamma': 0.01}",0.0,0.0,0.0,0.0,0.0,0.0,0.0,107,0.5,0.3333333333333333
238,0.005359125137329101,0.0006179449981953552,0.0029889583587646485,0.00035105646050003164,50,10.5,0.001,"{'C': 50, 'coef0': 10.5, 'gamma': 0.001}",0.0,0.0,0.0,0.0,0.0,0.0,0.0,107,0.5,0.3333333333333333
239,0.006070709228515625,0.001570905469241536,0.0031269073486328127,0.00033570393903273424,50,10.5,0.0001,"{'C': 50, 'coef0': 10.5, 'gamma': 0.0001}",0.0,0.0,0.0,0.0,0.0,0.0,0.0,107,0.5,0.3333333333333333
240,0.005410099029541015,0.0014073167023780394,0.002931642532348633,0.0004250480637914598,50,12.0,1,"{'C': 50, 'coef0': 12.0, 'gamma': 1}",0.15789473684210525,0.21052631578947367,0.05263157894736842,0.0,0.0,0.08421052631578947,0.08551619373301012,86,0.5,0.3333333333333333
241,0.005161428451538086,0.0005344203713235221,0.0027211666107177734,0.00010428490788990229,50,12.0,0.1,"{'C': 50, 'coef0': 12.0, 'gamma': 0.1}",0.0,0.0,0.0,0.0,0.0,0.0,0.0,107,0.5,0.3333333333333333
242,0.005039501190185547,0.0006283667980995036,0.0028692245483398437,0.00031882584016943685,50,12.0,0.01,"{'C': 50, 'coef0': 12.0, 'gamma': 0.01}",0.0,0.0,0.0,0.0,0.0,0.0,0.0,107,0.5,0.3333333333333333
243,0.00498814582824707,0.00043947790265598064,0.003013134002685547,0.00041883425480431104,50,12.0,0.001,"{'C': 50, 'coef0': 12.0, 'gamma': 0.001}",0.0,0.0,0.0,0.0,0.0,0.0,0.0,107,0.5,0.3333333333333333
244,0.0053136348724365234,0.00041982258275841155,0.003424263000488281,0.0004104784648223215,50,12.0,0.0001,"{'C': 50, 'coef0': 12.0, 'gamma': 0.0001}",0.0,0.0,0.0,0.0,0.0,0.0,0.0,107,0.5,0.3333333333333333
245,0.005658674240112305,0.00034398080095049296,0.003145647048950195,0.0003600483175039376,50,13.5,1,"{'C': 50, 'coef0': 13.5, 'gamma': 1}",0.15789473684210525,0.0,0.0,0.05263157894736842,0.0,0.042105263157894736,0.061378440998371586,91,0.5,0.3333333333333333
246,0.005098962783813476,0.0005304105925801828,0.002999734878540039,0.00022140013969025187,50,13.5,0.1,"{'C': 50, 'coef0': 13.5, 'gamma': 0.1}",0.0,0.0,0.0,0.0,0.0,0.0,0.0,107,0.5,0.3333333333333333
247,0.004685401916503906,0.0003402797629420187,0.003124380111694336,0.0007368906604159692,50,13.5,0.01,"{'C': 50, 'coef0': 13.5, 'gamma': 0.01}",0.0,0.0,0.0,0.0,0.0,0.0,0.0,107,0.5,0.3333333333333333
248,0.0057487010955810545,0.0014068904347782224,0.0028911113739013674,0.0004469141708283159,50,13.5,0.001,"{'C': 50, 'coef0': 13.5, 'gamma': 0.001}",0.0,0.0,0.0,0.0,0.0,0.0,0.0,107,0.5,0.3333333333333333
249,0.005257034301757812,0.000519458674574219,0.0031662464141845705,0.0004740488641306618,50,13.5,0.0001,"{'C': 50, 'coef0': 13.5, 'gamma': 0.0001}",0.0,0.0,0.0,0.0,0.0,0.0,0.0,107,0.5,0.3333333333333333
250,0.005136919021606445,0.0005037624101118405,0.00324859619140625,0.0009482929104135159,100,0.0,1,"{'C': 100, 'coef0': 0.0, 'gamma': 1}",0.47368421052631576,0.3684210526315789,0.5263157894736842,0.47368421052631576,0.47368421052631576,0.46315789473684205,0.0515682051112248,23,0.5,0.3333333333333333
251,0.004645395278930664,0.0006122760941123397,0.0036963462829589845,0.0017020551415279181,100,0.0,0.1,"{'C': 100, 'coef0': 0.0, 'gamma': 0.1}",0.631578947368421,0.3684210526315789,0.47368421052631576,0.42105263157894735,0.5263157894736842,0.4842105263157895,0.09055079228465923,15,0.5,0.3333333333333333
252,0.006370830535888672,0.0013485636805160514,0.0035878658294677735,0.0007976232129220856,100,0.0,0.01,"{'C': 100, 'coef0': 0.0, 'gamma': 0.01}",0.6842105263157895,0.42105263157894735,0.3157894736842105,0.42105263157894735,0.631578947368421,0.4947368421052632,0.13964735959391159,12,0.5,0.3333333333333333
253,0.00480799674987793,0.0005739808804288301,0.0028053760528564454,0.00045596922390132806,100,0.0,0.001,"{'C': 100, 'coef0': 0.0, 'gamma': 0.001}",0.6842105263157895,0.42105263157894735,0.3684210526315789,0.3157894736842105,0.5789473684210527,0.47368421052631576,0.13724636642531893,18,0.5,0.3333333333333333
254,0.004300308227539062,0.00018537656430512746,0.0025540828704833985,0.00012833278171884812,100,0.0,0.0001,"{'C': 100, 'coef0': 0.0, 'gamma': 0.0001}",0.0,0.0,0.05263157894736842,0.0,0.0,0.010526315789473684,0.021052631578947364,97,0.5,0.3333333333333333
255,0.004433584213256836,0.0003010197635047925,0.0024549007415771485,0.00012315067155938328,100,1.5,1,"{'C': 100, 'coef0': 1.5, 'gamma': 1}",0.5263157894736842,0.21052631578947367,0.42105263157894735,0.21052631578947367,0.47368421052631576,0.3684210526315789,0.1331485330597212,52,0.5,0.3333333333333333
256,0.004240703582763672,0.0002706683038820428,0.0026836395263671875,0.0004036292053027998,100,1.5,0.1,"{'C': 100, 'coef0': 1.5, 'gamma': 0.1}",0.631578947368421,0.47368421052631576,0.5263157894736842,0.42105263157894735,0.5789473684210527,0.5263157894736842,0.0744322927564787,5,0.5,0.3333333333333333
257,0.005961799621582031,0.0005807186267335818,0.003305339813232422,0.000534710859239701,100,1.5,0.01,"{'C': 100, 'coef0': 1.5, 'gamma': 0.01}",0.6842105263157895,0.47368421052631576,0.42105263157894735,0.42105263157894735,0.47368421052631576,0.4947368421052632,0.09761703679469164,12,0.5,0.3333333333333333
258,0.005890989303588867,0.0007151575275389585,0.003696250915527344,0.0010511256176155893,100,1.5,0.001,"{'C': 100, 'coef0': 1.5, 'gamma': 0.001}",0.05263157894736842,0.21052631578947367,0.21052631578947367,0.05263157894736842,0.21052631578947367,0.14736842105263157,0.07735230766683719,76,0.5,0.3333333333333333
259,0.0056324005126953125,0.0005407033134884819,0.0032515525817871094,0.00039090434345657196,100,1.5,0.0001,"{'C': 100, 'coef0': 1.5, 'gamma': 0.0001}",0.0,0.0,0.0,0.0,0.0,0.0,0.0,107,0.5,0.3333333333333333
260,0.004677772521972656,0.0004247252301176605,0.0031968116760253905,0.0009051577303528348,100,3.0,1,"{'C': 100, 'coef0': 3.0, 'gamma': 1}",0.5263157894736842,0.3684210526315789,0.2631578947368421,0.3684210526315789,0.5789473684210527,0.42105263157894735,0.11531001210635078,34,0.5,0.3333333333333333
261,0.005570125579833984,0.0016580757125155175,0.0033069610595703124,0.0013180847286844075,100,3.0,0.1,"{'C': 100, 'coef0': 3.0, 'gamma': 0.1}",0.42105263157894735,0.3157894736842105,0.47368421052631576,0.5263157894736842,0.5789473684210527,0.4631578947368421,0.09055079228465923,22,0.5,0.3333333333333333
262,0.005652570724487304,0.0006285096975922714,0.0032373905181884766,0.0005761009830999068,100,3.0,0.01,"{'C': 100, 'coef0': 3.0, 'gamma': 0.01}",0.0,0.0,0.05263157894736842,0.0,0.0,0.010526315789473684,0.021052631578947364,97,0.5,0.3333333333333333
263,0.005476999282836914,0.000504266114265397,0.0034353256225585936,0.0005445952445107394,100,3.0,0.001,"{'C': 100, 'coef0': 3.0, 'gamma': 0.001}",0.0,0.0,0.0,0.0,0.0,0.0,0.0,107,0.5,0.3333333333333333
264,0.005457592010498047,0.000551472994446294,0.0030609607696533204,0.0003391550538094631,100,3.0,0.0001,"{'C': 100, 'coef0': 3.0, 'gamma': 0.0001}",0.0,0.0,0.0,0.0,0.0,0.0,0.0,107,0.5,0.3333333333333333
265,0.004749822616577149,0.000660215759535666,0.0027367591857910155,0.0003508960184013061,100,4.5,1,"{'C': 100, 'coef0': 4.5, 'gamma': 1}",0.42105263157894735,0.3157894736842105,0.42105263157894735,0.47368421052631576,0.3684210526315789,0.4,0.053673889616766154,39,0.5,0.3333333333333333
266,0.004874610900878906,0.00048635056383578126,0.0027828216552734375,0.00023008097010298573,100,4.5,0.1,"{'C': 100, 'coef0': 4.5, 'gamma': 0.1}",0.0,0.0,0.0,0.0,0.0,0.0,0.0,107,0.5,0.3333333333333333
267,0.00512542724609375,0.0004657863055826851,0.003272342681884766,0.0005941861954479408,100,4.5,0.01,"{'C': 100, 'coef0': 4.5, 'gamma': 0.01}",0.0,0.0,0.0,0.0,0.0,0.0,0.0,107,0.5,0.3333333333333333
268,0.005666780471801758,0.0006005412833898301,0.0029390335083007814,0.00010296198467532785,100,4.5,0.001,"{'C': 100, 'coef0': 4.5, 'gamma': 0.001}",0.0,0.0,0.0,0.0,0.0,0.0,0.0,107,0.5,0.3333333333333333
269,0.005135440826416015,0.00016815719005392577,0.0032974720001220704,0.000565898430354725,100,4.5,0.0001,"{'C': 100, 'coef0': 4.5, 'gamma': 0.0001}",0.0,0.0,0.0,0.0,0.0,0.0,0.0,107,0.5,0.3333333333333333
270,0.004892301559448242,0.0006703243805145536,0.0029009342193603515,0.0003846607731779031,100,6.0,1,"{'C': 100, 'coef0': 6.0, 'gamma': 1}",0.42105263157894735,0.3157894736842105,0.47368421052631576,0.3684210526315789,0.42105263157894735,0.4,0.053673889616766154,39,0.5,0.3333333333333333
271,0.005355167388916016,0.0007870718881795775,0.0031403064727783202,0.00041616301656747454,100,6.0,0.1,"{'C': 100, 'coef0': 6.0, 'gamma': 0.1}",0.0,0.0,0.0,0.0,0.0,0.0,0.0,107,0.5,0.3333333333333333
272,0.005274152755737305,0.0007145021537783283,0.002906036376953125,0.0003469319311580873,100,6.0,0.01,"{'C': 100, 'coef0': 6.0, 'gamma': 0.01}",0.0,0.0,0.0,0.0,0.0,0.0,0.0,107,0.5,0.3333333333333333
273,0.0052825927734375,0.0004778874845835773,0.0031590938568115236,0.00041538208025142427,100,6.0,0.001,"{'C': 100, 'coef0': 6.0, 'gamma': 0.001}",0.0,0.0,0.0,0.0,0.0,0.0,0.0,107,0.5,0.3333333333333333
274,0.004739522933959961,0.0003370087223260368,0.0026846885681152343,0.0001720632114960302,100,6.0,0.0001,"{'C': 100, 'coef0': 6.0, 'gamma': 0.0001}",0.0,0.0,0.0,0.0,0.0,0.0,0.0,107,0.5,0.3333333333333333
275,0.004246759414672852,0.0002376097023195642,0.0024803638458251952,8.464505614217649e-05,100,7.5,1,"{'C': 100, 'coef0': 7.5, 'gamma': 1}",0.3684210526315789,0.2631578947368421,0.3684210526315789,0.2631578947368421,0.3684210526315789,0.3263157894736842,0.0515682051112248,56,0.5,0.3333333333333333
276,0.0046460628509521484,0.00013511793212922035,0.0027512550354003907,0.00017563101676187725,100,7.5,0.1,"{'C': 100, 'coef0': 7.5, 'gamma': 0.1}",0.0,0.0,0.0,0.0,0.0,0.0,0.0,107,0.5,0.3333333333333333
277,0.004633855819702148,9.197228383046386e-05,0.002685260772705078,6.036641660648869e-05,100,7.5,0.01,"{'C': 100, 'coef0': 7.5, 'gamma': 0.01}",0.0,0.0,0.0,0.0,0.0,0.0,0.0,107,0.5,0.3333333333333333
278,0.004393577575683594,0.00010639229740551182,0.0026446819305419923,3.6202147832349894e-05,100,7.5,0.001,"{'C': 100, 'coef0': 7.5, 'gamma': 0.001}",0.0,0.0,0.0,0.0,0.0,0.0,0.0,107,0.5,0.3333333333333333
279,0.004483842849731445,0.00012054992237753239,0.002677154541015625,7.477962151591019e-05,100,7.5,0.0001,"{'C': 100, 'coef0': 7.5, 'gamma': 0.0001}",0.0,0.0,0.0,0.0,0.0,0.0,0.0,107,0.5,0.3333333333333333
280,0.0043868541717529295,0.00028164617537829493,0.0025342464447021484,9.234214730210032e-05,100,9.0,1,"{'C': 100, 'coef0': 9.0, 'gamma': 1}",0.3684210526315789,0.3157894736842105,0.10526315789473684,0.21052631578947367,0.15789473684210525,0.23157894736842102,0.09761703679469161,67,0.5,0.3333333333333333
281,0.004771280288696289,0.0003004274815711178,0.002960491180419922,0.0005876755060501362,100,9.0,0.1,"{'C': 100, 'coef0': 9.0, 'gamma': 0.1}",0.0,0.0,0.0,0.0,0.0,0.0,0.0,107,0.5,0.3333333333333333
282,0.0050999164581298825,0.0008564787123980089,0.002961540222167969,0.0002979288562142452,100,9.0,0.01,"{'C': 100, 'coef0': 9.0, 'gamma': 0.01}",0.0,0.0,0.0,0.0,0.0,0.0,0.0,107,0.5,0.3333333333333333
283,0.004529523849487305,7.95874500664334e-05,0.0026172637939453126,3.5009265952454994e-05,100,9.0,0.001,"{'C': 100, 'coef0': 9.0, 'gamma': 0.001}",0.0,0.0,0.0,0.0,0.0,0.0,0.0,107,0.5,0.3333333333333333
284,0.004691076278686523,0.00029359384652630026,0.00272979736328125,0.00011511955113271097,100,9.0,0.0001,"{'C': 100, 'coef0': 9.0, 'gamma': 0.0001}",0.0,0.0,0.0,0.0,0.0,0.0,0.0,107,0.5,0.3333333333333333
285,0.004739999771118164,0.0007792173256610836,0.0028966426849365234,0.00035852905533529164,100,10.5,1,"{'C': 100, 'coef0': 10.5, 'gamma': 1}",0.21052631578947367,0.3157894736842105,0.05263157894736842,0.0,0.3157894736842105,0.17894736842105263,0.13147364207154522,73,0.5,0.3333333333333333
286,0.005555582046508789,0.0012673054240386833,0.0036590576171875,0.0005945980288050599,100,10.5,0.1,"{'C': 100, 'coef0': 10.5, 'gamma': 0.1}",0.0,0.0,0.0,0.0,0.0,0.0,0.0,107,0.5,0.3333333333333333
287,0.005263328552246094,0.0009873361112164324,0.002946949005126953,0.0003704274591339602,100,10.5,0.01,"{'C': 100, 'coef0': 10.5, 'gamma': 0.01}",0.0,0.0,0.0,0.0,0.0,0.0,0.0,107,0.5,0.3333333333333333
288,0.004732847213745117,7.6710191355767e-05,0.002659463882446289,9.216666510718328e-05,100,10.5,0.001,"{'C': 100, 'coef0': 10.5, 'gamma': 0.001}",0.0,0.0,0.0,0.0,0.0,0.0,0.0,107,0.5,0.3333333333333333
289,0.004630565643310547,0.0001301399465963759,0.0025485992431640626,5.1918479993158914e-05,100,10.5,0.0001,"{'C': 100, 'coef0': 10.5, 'gamma': 0.0001}",0.0,0.0,0.0,0.0,0.0,0.0,0.0,107,0.5,0.3333333333333333
290,0.004609060287475586,9.983521714408378e-05,0.0026155948638916016,8.247940417305205e-05,100,12.0,1,"{'C': 100, 'coef0': 12.0, 'gamma': 1}",0.21052631578947367,0.2631578947368421,0.05263157894736842,0.0,0.0,0.10526315789473684,0.11040093138633174,82,0.5,0.3333333333333333
291,0.005308628082275391,0.0014299081563267767,0.0026604175567626954,0.00017562046537320498,100,12.0,0.1,"{'C': 100, 'coef0': 12.0, 'gamma': 0.1}",0.0,0.0,0.0,0.0,0.0,0.0,0.0,107,0.5,0.3333333333333333
292,0.005572175979614258,0.0004735320128926232,0.003620433807373047,0.000640844471632641,100,12.0,0.01,"{'C': 100, 'coef0': 12.0, 'gamma': 0.01}",0.0,0.0,0.0,0.0,0.0,0.0,0.0,107,0.5,0.3333333333333333
293,0.0052868366241455075,0.0006306801477841114,0.0030484676361083986,0.0003958288810788577,100,12.0,0.001,"{'C': 100, 'coef0': 12.0, 'gamma': 0.001}",0.0,0.0,0.0,0.0,0.0,0.0,0.0,107,0.5,0.3333333333333333
294,0.005190896987915039,0.0008621110509338947,0.003173637390136719,0.0007096940514385602,100,12.0,0.0001,"{'C': 100, 'coef0': 12.0, 'gamma': 0.0001}",0.0,0.0,0.0,0.0,0.0,0.0,0.0,107,0.5,0.3333333333333333
295,0.005476903915405273,0.0012292709009300946,0.0028429508209228517,0.0002582950522251894,100,13.5,1,"{'C': 100, 'coef0': 13.5, 'gamma': 1}",0.15789473684210525,0.0,0.0,0.10526315789473684,0.0,0.05263157894736842,0.0665742665298606,89,0.5,0.3333333333333333
296,0.004997396469116211,0.00033981252664005415,0.0034892082214355467,0.0008685826911668676,100,13.5,0.1,"{'C': 100, 'coef0': 13.5, 'gamma': 0.1}",0.0,0.0,0.0,0.0,0.0,0.0,0.0,107,0.5,0.3333333333333333
297,0.005502033233642578,0.000830881248724874,0.0030188560485839844,0.00016336694349116613,100,13.5,0.01,"{'C': 100, 'coef0': 13.5, 'gamma': 0.01}",0.0,0.0,0.0,0.0,0.0,0.0,0.0,107,0.5,0.3333333333333333
298,0.005011701583862304,0.0003802588616643747,0.003116130828857422,0.0005228212954665948,100,13.5,0.001,"{'C': 100, 'coef0': 13.5, 'gamma': 0.001}",0.0,0.0,0.0,0.0,0.0,0.0,0.0,107,0.5,0.3333333333333333
299,0.004960155487060547,0.0004083314646662261,0.002988576889038086,0.00041013032581685844,100,13.5,0.0001,"{'C': 100, 'coef0': 13.5, 'gamma': 0.0001}",0.0,0.0,0.0,0.0,0.0,0.0,0.0,107,0.5,0.3333333333333333
300,0.004625892639160157,0.00032407274069127276,0.0027343273162841798,0.00039396782929410773,1000,0.0,1,"{'C': 1000, 'coef0': 0.0, 'gamma': 1}",0.47368421052631576,0.3684210526315789,0.5263157894736842,0.5263157894736842,0.47368421052631576,0.47368421052631576,0.057655006053175376,18,0.5,0.3333333333333333
301,0.004955768585205078,0.0010316056133627188,0.00364069938659668,0.0012855452705684244,1000,0.0,0.1,"{'C': 1000, 'coef0': 0.0, 'gamma': 0.1}",0.5789473684210527,0.5263157894736842,0.42105263157894735,0.3684210526315789,0.5263157894736842,0.4842105263157895,0.07735230766683722,15,0.5,0.3333333333333333
302,0.009654808044433593,0.0008092958775619668,0.003804636001586914,0.0013483743161283462,1000,0.0,0.01,"{'C': 1000, 'coef0': 0.0, 'gamma': 0.01}",0.6842105263157895,0.42105263157894735,0.3684210526315789,0.3157894736842105,0.47368421052631576,0.4526315789473684,0.12718995761678498,24,0.5,0.3333333333333333
303,0.007390451431274414,0.0016171997380339794,0.0031105995178222655,0.00023509248971003392,1000,0.0,0.001,"{'C': 1000, 'coef0': 0.0, 'gamma': 0.001}",0.6842105263157895,0.47368421052631576,0.42105263157894735,0.3684210526315789,0.631578947368421,0.5157894736842106,0.1218509147662129,7,0.5,0.3333333333333333
304,0.005836200714111328,0.0013549245530025578,0.02400174140930176,0.04137594480634505,1000,0.0,0.0001,"{'C': 1000, 'coef0': 0.0, 'gamma': 0.0001}",0.6842105263157895,0.42105263157894735,0.3684210526315789,0.3157894736842105,0.5789473684210527,0.47368421052631576,0.13724636642531893,18,0.5,0.3333333333333333
305,0.004564237594604492,0.0002945798079932274,0.0026114463806152345,0.00023756486634812584,1000,1.5,1,"{'C': 1000, 'coef0': 1.5, 'gamma': 1}",0.42105263157894735,0.21052631578947367,0.42105263157894735,0.21052631578947367,0.47368421052631576,0.34736842105263155,0.11337189067651587,55,0.5,0.3333333333333333
306,0.0046079158782958984,0.0004642540054514748,0.0033661365509033204,0.0007682567109193586,1000,1.5,0.1,"{'C': 1000, 'coef0': 1.5, 'gamma': 0.1}",0.5789473684210527,0.47368421052631576,0.5789473684210527,0.42105263157894735,0.5789473684210527,0.5263157894736842,0.06657426652986063,5,0.5,0.3333333333333333
307,0.005016899108886719,0.0007602253948891678,0.002690029144287109,0.00023506521402106138,1000,1.5,0.01,"{'C': 1000, 'coef0': 1.5, 'gamma': 0.01}",0.6842105263157895,0.47368421052631576,0.42105263157894735,0.3684210526315789,0.6842105263157895,0.5263157894736843,0.13314853305972127,4,0.5,0.3333333333333333
308,0.005443000793457031,0.00026632017385231786,0.0032441139221191405,0.0007829527238038919,1000,1.5,0.001,"{'C': 1000, 'coef0': 1.5, 'gamma': 0.001}",0.6842105263157895,0.42105263157894735,0.3684210526315789,0.3684210526315789,0.5789473684210527,0.4842105263157895,0.12631578947368424,15,0.5,0.3333333333333333
309,0.005422019958496093,0.0005341679297346721,0.0029200077056884765,0.0003259634748317574,1000,1.5,0.0001,"{'C': 1000, 'coef0': 1.5, 'gamma': 0.0001}",0.05263157894736842,0.21052631578947367,0.21052631578947367,0.05263157894736842,0.21052631578947367,0.14736842105263157,0.07735230766683719,76,0.5,0.3333333333333333
310,0.004809761047363281,0.0004069163194162486,0.0030793666839599608,0.0004747916790579944,1000,3.0,1,"{'C': 1000, 'coef0': 3.0, 'gamma': 1}",0.5263157894736842,0.3684210526315789,0.2631578947368421,0.3684210526315789,0.5789473684210527,0.42105263157894735,0.11531001210635078,34,0.5,0.3333333333333333
311,0.0046637535095214845,0.0007757026115188346,0.0025644779205322267,0.00021510966133751497,1000,3.0,0.1,"{'C': 1000, 'coef0': 3.0, 'gamma': 0.1}",0.47368421052631576,0.47368421052631576,0.5263157894736842,0.42105263157894735,0.5789473684210527,0.4947368421052632,0.05367388961676617,12,0.5,0.3333333333333333
312,0.006328582763671875,0.0024664909791766595,0.002779865264892578,0.00016409875375704723,1000,3.0,0.01,"{'C': 1000, 'coef0': 3.0, 'gamma': 0.01}",0.6842105263157895,0.47368421052631576,0.5263157894736842,0.42105263157894735,0.5789473684210527,0.5368421052631579,0.09055079228465926,2,0.5,0.3333333333333333
313,0.005684804916381836,0.0007351433495376672,0.0032166481018066407,0.0005243664123946255,1000,3.0,0.001,"{'C': 1000, 'coef0': 3.0, 'gamma': 0.001}",0.0,0.0,0.05263157894736842,0.0,0.0,0.010526315789473684,0.021052631578947364,97,0.5,0.3333333333333333
314,0.005690193176269532,0.000774295756691379,0.0030365467071533205,0.00023227963075572765,1000,3.0,0.0001,"{'C': 1000, 'coef0': 3.0, 'gamma': 0.0001}",0.0,0.0,0.0,0.0,0.0,0.0,0.0,107,0.5,0.3333333333333333
315,0.004517793655395508,0.0004066947169285421,0.002832317352294922,0.0006398300527485501,1000,4.5,1,"{'C': 1000, 'coef0': 4.5, 'gamma': 1}",0.42105263157894735,0.3157894736842105,0.42105263157894735,0.47368421052631576,0.3684210526315789,0.4,0.053673889616766154,39,0.5,0.3333333333333333
316,0.004893970489501953,0.0002715813214624525,0.00322108268737793,0.0007083887012655971,1000,4.5,0.1,"{'C': 1000, 'coef0': 4.5, 'gamma': 0.1}",0.42105263157894735,0.3157894736842105,0.47368421052631576,0.3684210526315789,0.42105263157894735,0.4,0.053673889616766154,39,0.5,0.3333333333333333
317,0.005359458923339844,0.0003689936929458911,0.002876138687133789,0.00044431047236423676,1000,4.5,0.01,"{'C': 1000, 'coef0': 4.5, 'gamma': 0.01}",0.0,0.0,0.0,0.0,0.0,0.0,0.0,107,0.5,0.3333333333333333
318,0.0051138877868652345,0.0005390464154614894,0.0028313159942626952,0.0001570885432683487,1000,4.5,0.001,"{'C': 1000, 'coef0': 4.5, 'gamma': 0.001}",0.0,0.0,0.0,0.0,0.0,0.0,0.0,107,0.5,0.3333333333333333
319,0.005366182327270508,0.0005327962898660567,0.0031022548675537108,0.0005452255278480879,1000,4.5,0.0001,"{'C': 1000, 'coef0': 4.5, 'gamma': 0.0001}",0.0,0.0,0.0,0.0,0.0,0.0,0.0,107,0.5,0.3333333333333333
320,0.004472255706787109,0.00030232141439288603,0.002842140197753906,0.0004445962616943944,1000,6.0,1,"{'C': 1000, 'coef0': 6.0, 'gamma': 1}",0.42105263157894735,0.3157894736842105,0.47368421052631576,0.3684210526315789,0.42105263157894735,0.4,0.053673889616766154,39,0.5,0.3333333333333333
321,0.005765390396118164,0.0009136945464113457,0.003036165237426758,0.0002707544452353253,1000,6.0,0.1,"{'C': 1000, 'coef0': 6.0, 'gamma': 0.1}",0.0,0.0,0.0,0.0,0.0,0.0,0.0,107,0.5,0.3333333333333333
322,0.005769920349121094,0.0011839663399723763,0.0035995006561279296,0.0007766634957223261,1000,6.0,0.01,"{'C': 1000, 'coef0': 6.0, 'gamma': 0.01}",0.0,0.0,0.0,0.0,0.0,0.0,0.0,107,0.5,0.3333333333333333
323,0.005278968811035156,0.00029591499800516976,0.003122282028198242,0.0004440982726725558,1000,6.0,0.001,"{'C': 1000, 'coef0': 6.0, 'gamma': 0.001}",0.0,0.0,0.0,0.0,0.0,0.0,0.0,107,0.5,0.3333333333333333
324,0.005374813079833984,0.0010187884342424485,0.0027335166931152345,0.00013823256732099442,1000,6.0,0.0001,"{'C': 1000, 'coef0': 6.0, 'gamma': 0.0001}",0.0,0.0,0.0,0.0,0.0,0.0,0.0,107,0.5,0.3333333333333333
325,0.005138921737670899,0.0011214925862139426,0.0028567790985107424,0.0005654056545110035,1000,7.5,1,"{'C': 1000, 'coef0': 7.5, 'gamma': 1}",0.3684210526315789,0.2631578947368421,0.3684210526315789,0.2631578947368421,0.3684210526315789,0.3263157894736842,0.0515682051112248,56,0.5,0.3333333333333333
326,0.00523066520690918,0.0006677271458365787,0.002697181701660156,0.00014523824250810112,1000,7.5,0.1,"{'C': 1000, 'coef0': 7.5, 'gamma': 0.1}",0.0,0.0,0.0,0.0,0.0,0.0,0.0,107,0.5,0.3333333333333333
327,0.005000162124633789,0.000455090281139391,0.0027832984924316406,0.00015477483374922354,1000,7.5,0.01,"{'C': 1000, 'coef0': 7.5, 'gamma': 0.01}",0.0,0.0,0.0,0.0,0.0,0.0,0.0,107,0.5,0.3333333333333333
328,0.00607914924621582,0.0008292600343372499,0.0034912586212158202,0.0008576155845577537,1000,7.5,0.001,"{'C': 1000, 'coef0': 7.5, 'gamma': 0.001}",0.0,0.0,0.0,0.0,0.0,0.0,0.0,107,0.5,0.3333333333333333
329,0.005895471572875977,0.0021228151791645414,0.0029136180877685548,0.00031581478281083073,1000,7.5,0.0001,"{'C': 1000, 'coef0': 7.5, 'gamma': 0.0001}",0.0,0.0,0.0,0.0,0.0,0.0,0.0,107,0.5,0.3333333333333333
330,0.004985284805297851,0.0006070889952921405,0.002714109420776367,0.00017220367761351928,1000,9.0,1,"{'C': 1000, 'coef0': 9.0, 'gamma': 1}",0.3684210526315789,0.3157894736842105,0.3157894736842105,0.21052631578947367,0.3684210526315789,0.3157894736842105,0.057655006053175376,61,0.5,0.3333333333333333
331,0.005452108383178711,0.0009541611787687803,0.002985239028930664,0.0002722559370060461,1000,9.0,0.1,"{'C': 1000, 'coef0': 9.0, 'gamma': 0.1}",0.0,0.0,0.0,0.0,0.0,0.0,0.0,107,0.5,0.3333333333333333
332,0.004936504364013672,0.00035190825862093164,0.003061056137084961,0.0003824010150379151,1000,9.0,0.01,"{'C': 1000, 'coef0': 9.0, 'gamma': 0.01}",0.0,0.0,0.0,0.0,0.0,0.0,0.0,107,0.5,0.3333333333333333
333,0.0047989368438720705,0.00020771288235210333,0.003018045425415039,0.0005817871114822981,1000,9.0,0.001,"{'C': 1000, 'coef0': 9.0, 'gamma': 0.001}",0.0,0.0,0.0,0.0,0.0,0.0,0.0,107,0.5,0.3333333333333333
334,0.004747152328491211,0.0002574955092305785,0.0029441356658935548,0.00034257325510321854,1000,9.0,0.0001,"{'C': 1000, 'coef0': 9.0, 'gamma': 0.0001}",0.0,0.0,0.0,0.0,0.0,0.0,0.0,107,0.5,0.3333333333333333
335,0.004500961303710938,0.00039760095352055214,0.002546215057373047,0.00013399485586592657,1000,10.5,1,"{'C': 1000, 'coef0': 10.5, 'gamma': 1}",0.3684210526315789,0.3157894736842105,0.05263157894736842,0.0,0.3684210526315789,0.22105263157894733,0.16102166885029845,68,0.5,0.3333333333333333
336,0.004933881759643555,0.0005268539084552489,0.002706146240234375,0.00017415830801235588,1000,10.5,0.1,"{'C': 1000, 'coef0': 10.5, 'gamma': 0.1}",0.0,0.0,0.0,0.0,0.0,0.0,0.0,107,0.5,0.3333333333333333
337,0.004819107055664062,0.0003758314627464012,0.0028250694274902345,9.718467709374709e-05,1000,10.5,0.01,"{'C': 1000, 'coef0': 10.5, 'gamma': 0.01}",0.0,0.0,0.0,0.0,0.0,0.0,0.0,107,0.5,0.3333333333333333
338,0.005259275436401367,0.0005225461939088905,0.002954435348510742,0.00020726205256839478,1000,10.5,0.001,"{'C': 1000, 'coef0': 10.5, 'gamma': 0.001}",0.0,0.0,0.0,0.0,0.0,0.0,0.0,107,0.5,0.3333333333333333
339,0.004851436614990235,0.0003036752931603713,0.003004598617553711,0.0005076063892615554,1000,10.5,0.0001,"{'C': 1000, 'coef0': 10.5, 'gamma': 0.0001}",0.0,0.0,0.0,0.0,0.0,0.0,0.0,107,0.5,0.3333333333333333
340,0.005754995346069336,0.001725790492075443,0.003060579299926758,0.0003960594911592316,1000,12.0,1,"{'C': 1000, 'coef0': 12.0, 'gamma': 1}",0.21052631578947367,0.3157894736842105,0.05263157894736842,0.0,0.0,0.11578947368421053,0.12631578947368421,81,0.5,0.3333333333333333
341,0.005276536941528321,0.0003020291453394586,0.00328369140625,0.0006617819575227007,1000,12.0,0.1,"{'C': 1000, 'coef0': 12.0, 'gamma': 0.1}",0.0,0.0,0.0,0.0,0.0,0.0,0.0,107,0.5,0.3333333333333333
342,0.00499420166015625,0.0003603384105011789,0.0029514789581298827,0.00025146777803192796,1000,12.0,0.01,"{'C': 1000, 'coef0': 12.0, 'gamma': 0.01}",0.0,0.0,0.0,0.0,0.0,0.0,0.0,107,0.5,0.3333333333333333
343,0.005013179779052734,0.0002608064923403982,0.0031130313873291016,0.000486066314262872,1000,12.0,0.001,"{'C': 1000, 'coef0': 12.0, 'gamma': 0.001}",0.0,0.0,0.0,0.0,0.0,0.0,0.0,107,0.5,0.3333333333333333
344,0.004835319519042969,0.00022615790736287879,0.002896738052368164,0.0001517240390208042,1000,12.0,0.0001,"{'C': 1000, 'coef0': 12.0, 'gamma': 0.0001}",0.0,0.0,0.0,0.0,0.0,0.0,0.0,107,0.5,0.3333333333333333
345,0.004709815979003907,0.00031499837407036445,0.002939605712890625,0.00016833801045034575,1000,13.5,1,"{'C': 1000, 'coef0': 13.5, 'gamma': 1}",0.2631578947368421,0.05263157894736842,0.05263157894736842,0.10526315789473684,0.0,0.09473684210526315,0.09055079228465923,85,0.5,0.3333333333333333
346,0.004653835296630859,0.0001531000482800386,0.002844715118408203,0.0001414630154036845,1000,13.5,0.1,"{'C': 1000, 'coef0': 13.5, 'gamma': 0.1}",0.0,0.0,0.0,0.0,0.0,0.0,0.0,107,0.5,0.3333333333333333
347,0.00473175048828125,0.00029196590063102667,0.0034364700317382813,0.0005240621858670007,1000,13.5,0.01,"{'C': 1000, 'coef0': 13.5, 'gamma': 0.01}",0.0,0.0,0.0,0.0,0.0,0.0,0.0,107,0.5,0.3333333333333333
348,0.005118703842163086,0.0005020678784593511,0.002862691879272461,0.00023743378385503508,1000,13.5,0.001,"{'C': 1000, 'coef0': 13.5, 'gamma': 0.001}",0.0,0.0,0.0,0.0,0.0,0.0,0.0,107,0.5,0.3333333333333333
349,0.00492253303527832,8.724811851963885e-05,0.0029135704040527343,0.0001933621183746244,1000,13.5,0.0001,"{'C': 1000, 'coef0': 13.5, 'gamma': 0.0001}",0.0,0.0,0.0,0.0,0.0,0.0,0.0,107,0.5,0.3333333333333333
