,mean_fit_time,std_fit_time,mean_score_time,std_score_time,param_C,param_coef0,param_gamma,params,split0_test_score,split1_test_score,split2_test_score,split3_test_score,split4_test_score,mean_test_score,std_test_score,rank_test_score
0,0.0035649776458740235,0.0005494960103865656,0.0018720149993896485,0.00015594451686377198,0.1,0.0,1,"{'C': 0.1, 'coef0': 0.0, 'gamma': 1}",0.6461538461538462,0.6615384615384615,0.6615384615384615,0.65625,0.65625,0.6563461538461539,0.005618215829996726,1
1,0.004739236831665039,0.0017391902909469166,0.0021219253540039062,0.00022421809047142895,0.1,0.0,0.1,"{'C': 0.1, 'coef0': 0.0, 'gamma': 0.1}",0.6461538461538462,0.6615384615384615,0.6615384615384615,0.65625,0.65625,0.6563461538461539,0.005618215829996726,1
2,0.00425424575805664,0.0006811081878815803,0.001991081237792969,6.869375084842638e-05,0.1,0.0,0.01,"{'C': 0.1, 'coef0': 0.0, 'gamma': 0.01}",0.6461538461538462,0.6615384615384615,0.6615384615384615,0.65625,0.65625,0.6563461538461539,0.005618215829996726,1
3,0.004243612289428711,0.0006604648223339175,0.002011013031005859,5.879605189992244e-05,0.1,0.0,0.001,"{'C': 0.1, 'coef0': 0.0, 'gamma': 0.001}",0.6461538461538462,0.6615384615384615,0.6615384615384615,0.65625,0.65625,0.6563461538461539,0.005618215829996726,1
4,0.005835485458374023,0.0015998306027300928,0.002326488494873047,0.0005574419517532234,0.1,0.0,0.0001,"{'C': 0.1, 'coef0': 0.0, 'gamma': 0.0001}",0.6461538461538462,0.6615384615384615,0.6615384615384615,0.65625,0.65625,0.6563461538461539,0.005618215829996726,1
5,0.004190778732299805,0.0006195922034326951,0.0019443511962890625,0.00010139417163829185,0.1,1.5,1,"{'C': 0.1, 'coef0': 1.5, 'gamma': 1}",0.6461538461538462,0.6615384615384615,0.6615384615384615,0.65625,0.65625,0.6563461538461539,0.005618215829996726,1
6,0.0036344528198242188,0.0005828888511387563,0.0019111156463623047,4.920289452353126e-05,0.1,1.5,0.1,"{'C': 0.1, 'coef0': 1.5, 'gamma': 0.1}",0.6461538461538462,0.6615384615384615,0.6615384615384615,0.65625,0.65625,0.6563461538461539,0.005618215829996726,1
7,0.003844594955444336,0.0003267213814440188,0.002011680603027344,0.00013320841808116257,0.1,1.5,0.01,"{'C': 0.1, 'coef0': 1.5, 'gamma': 0.01}",0.6461538461538462,0.6615384615384615,0.6615384615384615,0.65625,0.65625,0.6563461538461539,0.005618215829996726,1
8,0.004266357421875,0.0005773265322752017,0.0018901348114013672,0.00013705550862070121,0.1,1.5,0.001,"{'C': 0.1, 'coef0': 1.5, 'gamma': 0.001}",0.6461538461538462,0.6615384615384615,0.6615384615384615,0.65625,0.65625,0.6563461538461539,0.005618215829996726,1
9,0.0049078941345214845,0.0002452607368994551,0.001935434341430664,9.580053688735352e-05,0.1,1.5,0.0001,"{'C': 0.1, 'coef0': 1.5, 'gamma': 0.0001}",0.6461538461538462,0.6615384615384615,0.6615384615384615,0.65625,0.65625,0.6563461538461539,0.005618215829996726,1
10,0.003547334671020508,0.0006792564080755713,0.0018693923950195313,7.026327799861623e-05,0.1,3.0,1,"{'C': 0.1, 'coef0': 3.0, 'gamma': 1}",0.6461538461538462,0.6615384615384615,0.6615384615384615,0.65625,0.65625,0.6563461538461539,0.005618215829996726,1
11,0.003433418273925781,0.0005020248037299859,0.0018651962280273437,6.583883195399939e-05,0.1,3.0,0.1,"{'C': 0.1, 'coef0': 3.0, 'gamma': 0.1}",0.6461538461538462,0.6615384615384615,0.6615384615384615,0.65625,0.65625,0.6563461538461539,0.005618215829996726,1
12,0.003635883331298828,0.0006322814508272131,0.001813220977783203,8.776135756677903e-06,0.1,3.0,0.01,"{'C': 0.1, 'coef0': 3.0, 'gamma': 0.01}",0.6461538461538462,0.6615384615384615,0.6615384615384615,0.65625,0.65625,0.6563461538461539,0.005618215829996726,1
13,0.003979206085205078,0.0005403410448955735,0.001886892318725586,8.637249329701034e-05,0.1,3.0,0.001,"{'C': 0.1, 'coef0': 3.0, 'gamma': 0.001}",0.6461538461538462,0.6615384615384615,0.6615384615384615,0.65625,0.65625,0.6563461538461539,0.005618215829996726,1
14,0.004910421371459961,0.0003818229113191363,0.002192401885986328,0.0001615114114926984,0.1,3.0,0.0001,"{'C': 0.1, 'coef0': 3.0, 'gamma': 0.0001}",0.6461538461538462,0.6615384615384615,0.6615384615384615,0.65625,0.65625,0.6563461538461539,0.005618215829996726,1
15,0.003980159759521484,0.0006713190166518817,0.0018860816955566407,9.337287356746038e-05,0.1,4.5,1,"{'C': 0.1, 'coef0': 4.5, 'gamma': 1}",0.6461538461538462,0.6615384615384615,0.6615384615384615,0.65625,0.65625,0.6563461538461539,0.005618215829996726,1
16,0.0037341594696044924,0.0006214867194457976,0.001819753646850586,1.2306279302279757e-05,0.1,4.5,0.1,"{'C': 0.1, 'coef0': 4.5, 'gamma': 0.1}",0.6461538461538462,0.6615384615384615,0.6615384615384615,0.65625,0.65625,0.6563461538461539,0.005618215829996726,1
17,0.0032654285430908205,0.0004571836840508558,0.0018772602081298829,8.773264661069002e-05,0.1,4.5,0.01,"{'C': 0.1, 'coef0': 4.5, 'gamma': 0.01}",0.6461538461538462,0.6615384615384615,0.6615384615384615,0.65625,0.65625,0.6563461538461539,0.005618215829996726,1
18,0.004202890396118164,0.00040881375622725525,0.0018970966339111328,0.0001356236705381052,0.1,4.5,0.001,"{'C': 0.1, 'coef0': 4.5, 'gamma': 0.001}",0.6461538461538462,0.6615384615384615,0.6615384615384615,0.65625,0.65625,0.6563461538461539,0.005618215829996726,1
19,0.005134296417236328,0.00030702042383683734,0.002147388458251953,7.792887690062497e-05,0.1,4.5,0.0001,"{'C': 0.1, 'coef0': 4.5, 'gamma': 0.0001}",0.6461538461538462,0.6615384615384615,0.6615384615384615,0.65625,0.65625,0.6563461538461539,0.005618215829996726,1
20,0.0039767265319824215,0.0006186849688645687,0.0021459102630615235,0.00022744725581594742,0.1,6.0,1,"{'C': 0.1, 'coef0': 6.0, 'gamma': 1}",0.6461538461538462,0.6615384615384615,0.6615384615384615,0.65625,0.65625,0.6563461538461539,0.005618215829996726,1
21,0.004196453094482422,0.0006194214603478606,0.001987648010253906,8.676253557814418e-05,0.1,6.0,0.1,"{'C': 0.1, 'coef0': 6.0, 'gamma': 0.1}",0.6461538461538462,0.6615384615384615,0.6615384615384615,0.65625,0.65625,0.6563461538461539,0.005618215829996726,1
22,0.0036047935485839845,0.0005349039201210782,0.0019896984100341796,2.9146649354797718e-05,0.1,6.0,0.01,"{'C': 0.1, 'coef0': 6.0, 'gamma': 0.01}",0.6461538461538462,0.6615384615384615,0.6615384615384615,0.65625,0.65625,0.6563461538461539,0.005618215829996726,1
23,0.003722810745239258,0.0005112861964326667,0.0020461082458496094,0.0001428346585231863,0.1,6.0,0.001,"{'C': 0.1, 'coef0': 6.0, 'gamma': 0.001}",0.6461538461538462,0.6615384615384615,0.6615384615384615,0.65625,0.65625,0.6563461538461539,0.005618215829996726,1
24,0.005062484741210937,0.00037393445902752186,0.002380084991455078,0.00032036911914724907,0.1,6.0,0.0001,"{'C': 0.1, 'coef0': 6.0, 'gamma': 0.0001}",0.6461538461538462,0.6615384615384615,0.6615384615384615,0.65625,0.65625,0.6563461538461539,0.005618215829996726,1
25,0.005438852310180664,0.003162059481840585,0.002352619171142578,0.0007405675851746707,0.1,7.5,1,"{'C': 0.1, 'coef0': 7.5, 'gamma': 1}",0.6461538461538462,0.6615384615384615,0.6615384615384615,0.65625,0.65625,0.6563461538461539,0.005618215829996726,1
26,0.0035336494445800783,0.0006515943284251884,0.0019709110260009766,6.623105060171135e-05,0.1,7.5,0.1,"{'C': 0.1, 'coef0': 7.5, 'gamma': 0.1}",0.6461538461538462,0.6615384615384615,0.6615384615384615,0.65625,0.65625,0.6563461538461539,0.005618215829996726,1
27,0.0043795108795166016,0.0005509481021312078,0.0018764495849609374,0.00011736749740027313,0.1,7.5,0.01,"{'C': 0.1, 'coef0': 7.5, 'gamma': 0.01}",0.6461538461538462,0.6615384615384615,0.6615384615384615,0.65625,0.65625,0.6563461538461539,0.005618215829996726,1
28,0.0038434982299804686,0.0007401505998432369,0.0020413875579833986,0.00018930239400163543,0.1,7.5,0.001,"{'C': 0.1, 'coef0': 7.5, 'gamma': 0.001}",0.6461538461538462,0.6615384615384615,0.6615384615384615,0.65625,0.65625,0.6563461538461539,0.005618215829996726,1
29,0.004817771911621094,0.00024282046359479147,0.0022413253784179686,0.00015675541286580685,0.1,7.5,0.0001,"{'C': 0.1, 'coef0': 7.5, 'gamma': 0.0001}",0.6461538461538462,0.6615384615384615,0.6615384615384615,0.65625,0.65625,0.6563461538461539,0.005618215829996726,1
30,0.0038788318634033203,0.0006393326387740571,0.0019943714141845703,9.263842787467645e-05,0.1,9.0,1,"{'C': 0.1, 'coef0': 9.0, 'gamma': 1}",0.6461538461538462,0.6615384615384615,0.6615384615384615,0.65625,0.65625,0.6563461538461539,0.005618215829996726,1
31,0.003707695007324219,0.0006539192458013175,0.0020499229431152344,0.000166623783948641,0.1,9.0,0.1,"{'C': 0.1, 'coef0': 9.0, 'gamma': 0.1}",0.6461538461538462,0.6615384615384615,0.6615384615384615,0.65625,0.65625,0.6563461538461539,0.005618215829996726,1
32,0.003734779357910156,0.0003110866909099467,0.0020183563232421876,0.00010808917103279977,0.1,9.0,0.01,"{'C': 0.1, 'coef0': 9.0, 'gamma': 0.01}",0.6461538461538462,0.6615384615384615,0.6615384615384615,0.65625,0.65625,0.6563461538461539,0.005618215829996726,1
33,0.003661632537841797,0.0005538687022050418,0.002036428451538086,0.00017698147568966522,0.1,9.0,0.001,"{'C': 0.1, 'coef0': 9.0, 'gamma': 0.001}",0.6461538461538462,0.6615384615384615,0.6615384615384615,0.65625,0.65625,0.6563461538461539,0.005618215829996726,1
34,0.005148506164550782,0.00019094048383916156,0.002057170867919922,9.414154363819363e-05,0.1,9.0,0.0001,"{'C': 0.1, 'coef0': 9.0, 'gamma': 0.0001}",0.6461538461538462,0.6615384615384615,0.6615384615384615,0.65625,0.65625,0.6563461538461539,0.005618215829996726,1
35,0.0038872241973876955,0.0006111458252143158,0.0019036293029785155,0.00016107362991050388,0.1,10.5,1,"{'C': 0.1, 'coef0': 10.5, 'gamma': 1}",0.6461538461538462,0.6615384615384615,0.6615384615384615,0.65625,0.65625,0.6563461538461539,0.005618215829996726,1
36,0.0040324687957763675,0.0007573446171753922,0.0020113468170166017,9.905807366206982e-05,0.1,10.5,0.1,"{'C': 0.1, 'coef0': 10.5, 'gamma': 0.1}",0.6461538461538462,0.6615384615384615,0.6615384615384615,0.65625,0.65625,0.6563461538461539,0.005618215829996726,1
37,0.004586458206176758,0.0006500906893698313,0.002015495300292969,7.632710808986613e-05,0.1,10.5,0.01,"{'C': 0.1, 'coef0': 10.5, 'gamma': 0.01}",0.6461538461538462,0.6615384615384615,0.6615384615384615,0.65625,0.65625,0.6563461538461539,0.005618215829996726,1
38,0.0040188789367675785,0.0006022451533651807,0.001994466781616211,9.625718384617922e-05,0.1,10.5,0.001,"{'C': 0.1, 'coef0': 10.5, 'gamma': 0.001}",0.6461538461538462,0.6615384615384615,0.6615384615384615,0.65625,0.65625,0.6563461538461539,0.005618215829996726,1
39,0.005166769027709961,0.00025233423165590903,0.002270793914794922,0.00011988568102821019,0.1,10.5,0.0001,"{'C': 0.1, 'coef0': 10.5, 'gamma': 0.0001}",0.6461538461538462,0.6615384615384615,0.6615384615384615,0.65625,0.65625,0.6563461538461539,0.005618215829996726,1
40,0.003407192230224609,7.628044366577337e-05,0.0019426345825195312,0.00012715540329074948,0.1,12.0,1,"{'C': 0.1, 'coef0': 12.0, 'gamma': 1}",0.6461538461538462,0.6615384615384615,0.6615384615384615,0.65625,0.65625,0.6563461538461539,0.005618215829996726,1
41,0.003632211685180664,0.0005460910306440294,0.0019084453582763673,0.00017863605552800242,0.1,12.0,0.1,"{'C': 0.1, 'coef0': 12.0, 'gamma': 0.1}",0.6461538461538462,0.6615384615384615,0.6615384615384615,0.65625,0.65625,0.6563461538461539,0.005618215829996726,1
42,0.0032029151916503906,0.00020752986319500763,0.0018978595733642578,5.577800492491917e-05,0.1,12.0,0.01,"{'C': 0.1, 'coef0': 12.0, 'gamma': 0.01}",0.6461538461538462,0.6615384615384615,0.6615384615384615,0.65625,0.65625,0.6563461538461539,0.005618215829996726,1
43,0.003670406341552734,0.0008154580078027228,0.001936960220336914,0.0001013535747527651,0.1,12.0,0.001,"{'C': 0.1, 'coef0': 12.0, 'gamma': 0.001}",0.6461538461538462,0.6615384615384615,0.6615384615384615,0.65625,0.65625,0.6563461538461539,0.005618215829996726,1
44,0.004802513122558594,0.00020601552829437955,0.0020616531372070314,0.00011721152022796563,0.1,12.0,0.0001,"{'C': 0.1, 'coef0': 12.0, 'gamma': 0.0001}",0.6461538461538462,0.6615384615384615,0.6615384615384615,0.65625,0.65625,0.6563461538461539,0.005618215829996726,1
45,0.0034728050231933594,0.0004347818361630484,0.0020112514495849608,4.642822148490604e-05,0.1,13.5,1,"{'C': 0.1, 'coef0': 13.5, 'gamma': 1}",0.6461538461538462,0.6615384615384615,0.6615384615384615,0.65625,0.65625,0.6563461538461539,0.005618215829996726,1
46,0.0035976886749267576,0.0004794118844041948,0.0019654750823974608,7.724282167392797e-05,0.1,13.5,0.1,"{'C': 0.1, 'coef0': 13.5, 'gamma': 0.1}",0.6461538461538462,0.6615384615384615,0.6615384615384615,0.65625,0.65625,0.6563461538461539,0.005618215829996726,1
47,0.003346157073974609,0.00020326972418480472,0.001958608627319336,8.199491895505379e-05,0.1,13.5,0.01,"{'C': 0.1, 'coef0': 13.5, 'gamma': 0.01}",0.6461538461538462,0.6615384615384615,0.6615384615384615,0.65625,0.65625,0.6563461538461539,0.005618215829996726,1
48,0.004392766952514648,0.0005534951187880963,0.0020024776458740234,0.00011064338139914391,0.1,13.5,0.001,"{'C': 0.1, 'coef0': 13.5, 'gamma': 0.001}",0.6461538461538462,0.6615384615384615,0.6615384615384615,0.65625,0.65625,0.6563461538461539,0.005618215829996726,1
49,0.005188131332397461,0.00013368966316414923,0.0021019935607910155,0.00010366988145632553,0.1,13.5,0.0001,"{'C': 0.1, 'coef0': 13.5, 'gamma': 0.0001}",0.6461538461538462,0.6615384615384615,0.6615384615384615,0.65625,0.65625,0.6563461538461539,0.005618215829996726,1
50,0.0042817115783691405,0.0006645852849838769,0.001907014846801758,0.0001813055397654995,0.5,0.0,1,"{'C': 0.5, 'coef0': 0.0, 'gamma': 1}",0.6461538461538462,0.6615384615384615,0.6615384615384615,0.65625,0.65625,0.6563461538461539,0.005618215829996726,1
51,0.0034735679626464845,0.00013250577940341265,0.0019510746002197265,0.00017961858902006,0.5,0.0,0.1,"{'C': 0.5, 'coef0': 0.0, 'gamma': 0.1}",0.6461538461538462,0.6615384615384615,0.6615384615384615,0.65625,0.65625,0.6563461538461539,0.005618215829996726,1
52,0.003852176666259766,0.0006820329641470777,0.0020049095153808595,0.00010651035082707396,0.5,0.0,0.01,"{'C': 0.5, 'coef0': 0.0, 'gamma': 0.01}",0.6461538461538462,0.6615384615384615,0.6615384615384615,0.65625,0.65625,0.6563461538461539,0.005618215829996726,1
53,0.004174423217773437,0.0006918959154055956,0.002019357681274414,0.00017715340487865807,0.5,0.0,0.001,"{'C': 0.5, 'coef0': 0.0, 'gamma': 0.001}",0.6461538461538462,0.6615384615384615,0.6615384615384615,0.65625,0.65625,0.6563461538461539,0.005618215829996726,1
54,0.004798364639282226,0.00020730066459520878,0.0020235061645507814,6.0842515503023425e-05,0.5,0.0,0.0001,"{'C': 0.5, 'coef0': 0.0, 'gamma': 0.0001}",0.6461538461538462,0.6615384615384615,0.6615384615384615,0.65625,0.65625,0.6563461538461539,0.005618215829996726,1
55,0.0031249523162841797,8.66809427866884e-05,0.0018514633178710938,8.042712142287542e-05,0.5,1.5,1,"{'C': 0.5, 'coef0': 1.5, 'gamma': 1}",0.6461538461538462,0.6615384615384615,0.6615384615384615,0.65625,0.65625,0.6563461538461539,0.005618215829996726,1
56,0.003998088836669922,0.000699804195688104,0.0019704818725585936,5.520065155108591e-05,0.5,1.5,0.1,"{'C': 0.5, 'coef0': 1.5, 'gamma': 0.1}",0.6461538461538462,0.6615384615384615,0.6615384615384615,0.65625,0.65625,0.6563461538461539,0.005618215829996726,1
57,0.003253269195556641,0.00011562041577831805,0.0019941806793212892,8.265561926284806e-05,0.5,1.5,0.01,"{'C': 0.5, 'coef0': 1.5, 'gamma': 0.01}",0.6461538461538462,0.6615384615384615,0.6615384615384615,0.65625,0.65625,0.6563461538461539,0.005618215829996726,1
58,0.003928136825561523,0.0005741290354480029,0.001950979232788086,8.953663641705617e-05,0.5,1.5,0.001,"{'C': 0.5, 'coef0': 1.5, 'gamma': 0.001}",0.6461538461538462,0.6615384615384615,0.6615384615384615,0.65625,0.65625,0.6563461538461539,0.005618215829996726,1
59,0.004716825485229492,8.121733708858254e-05,0.0020819187164306642,0.00010326485286353097,0.5,1.5,0.0001,"{'C': 0.5, 'coef0': 1.5, 'gamma': 0.0001}",0.6461538461538462,0.6615384615384615,0.6615384615384615,0.65625,0.65625,0.6563461538461539,0.005618215829996726,1
60,0.003606700897216797,0.000564928073404263,0.0018956184387207032,0.00011424777501263894,0.5,3.0,1,"{'C': 0.5, 'coef0': 3.0, 'gamma': 1}",0.6461538461538462,0.6615384615384615,0.6615384615384615,0.65625,0.65625,0.6563461538461539,0.005618215829996726,1
61,0.00330047607421875,0.00011618882730138252,0.0019580364227294923,7.094859419927202e-05,0.5,3.0,0.1,"{'C': 0.5, 'coef0': 3.0, 'gamma': 0.1}",0.6461538461538462,0.6615384615384615,0.6615384615384615,0.65625,0.65625,0.6563461538461539,0.005618215829996726,1
62,0.003826332092285156,0.0007193584143735358,0.0019750118255615233,8.017253598366304e-05,0.5,3.0,0.01,"{'C': 0.5, 'coef0': 3.0, 'gamma': 0.01}",0.6461538461538462,0.6615384615384615,0.6615384615384615,0.65625,0.65625,0.6563461538461539,0.005618215829996726,1
63,0.004072046279907227,0.00045893711448526103,0.001960086822509766,8.673501445647211e-05,0.5,3.0,0.001,"{'C': 0.5, 'coef0': 3.0, 'gamma': 0.001}",0.6461538461538462,0.6615384615384615,0.6615384615384615,0.65625,0.65625,0.6563461538461539,0.005618215829996726,1
64,0.0050350666046142575,0.00033470672597314433,0.0020764350891113283,0.00015294557610062476,0.5,3.0,0.0001,"{'C': 0.5, 'coef0': 3.0, 'gamma': 0.0001}",0.6461538461538462,0.6615384615384615,0.6615384615384615,0.65625,0.65625,0.6563461538461539,0.005618215829996726,1
65,0.003326559066772461,0.00014373422297318672,0.002028036117553711,0.00010301508123605624,0.5,4.5,1,"{'C': 0.5, 'coef0': 4.5, 'gamma': 1}",0.6461538461538462,0.6615384615384615,0.6615384615384615,0.65625,0.65625,0.6563461538461539,0.005618215829996726,1
66,0.003849029541015625,0.0006334366083064157,0.0019458770751953126,9.261002587323834e-05,0.5,4.5,0.1,"{'C': 0.5, 'coef0': 4.5, 'gamma': 0.1}",0.6461538461538462,0.6615384615384615,0.6615384615384615,0.65625,0.65625,0.6563461538461539,0.005618215829996726,1
67,0.003802776336669922,0.0008067547411646657,0.0019351482391357423,9.512651531028465e-05,0.5,4.5,0.01,"{'C': 0.5, 'coef0': 4.5, 'gamma': 0.01}",0.6461538461538462,0.6615384615384615,0.6615384615384615,0.65625,0.65625,0.6563461538461539,0.005618215829996726,1
68,0.004000711441040039,0.0005519103151940429,0.002004528045654297,4.4849215431950806e-05,0.5,4.5,0.001,"{'C': 0.5, 'coef0': 4.5, 'gamma': 0.001}",0.6461538461538462,0.6615384615384615,0.6615384615384615,0.65625,0.65625,0.6563461538461539,0.005618215829996726,1
69,0.005335664749145508,0.00039345673092879815,0.002035188674926758,5.5206006043007274e-05,0.5,4.5,0.0001,"{'C': 0.5, 'coef0': 4.5, 'gamma': 0.0001}",0.6461538461538462,0.6615384615384615,0.6615384615384615,0.65625,0.65625,0.6563461538461539,0.005618215829996726,1
70,0.003471040725708008,0.0001771811388109762,0.002006244659423828,3.615211914621687e-05,0.5,6.0,1,"{'C': 0.5, 'coef0': 6.0, 'gamma': 1}",0.6461538461538462,0.6615384615384615,0.6615384615384615,0.65625,0.65625,0.6563461538461539,0.005618215829996726,1
71,0.0037691593170166016,0.0006486762378351518,0.0018495559692382813,0.00011998104144966965,0.5,6.0,0.1,"{'C': 0.5, 'coef0': 6.0, 'gamma': 0.1}",0.6461538461538462,0.6615384615384615,0.6615384615384615,0.65625,0.65625,0.6563461538461539,0.005618215829996726,1
72,0.0037303447723388674,0.0007610275691478077,0.0018280982971191407,3.787047795154839e-05,0.5,6.0,0.01,"{'C': 0.5, 'coef0': 6.0, 'gamma': 0.01}",0.6461538461538462,0.6615384615384615,0.6615384615384615,0.65625,0.65625,0.6563461538461539,0.005618215829996726,1
73,0.0034163951873779296,0.0004705458601529227,0.001798105239868164,0.0001693943048383789,0.5,6.0,0.001,"{'C': 0.5, 'coef0': 6.0, 'gamma': 0.001}",0.6461538461538462,0.6615384615384615,0.6615384615384615,0.65625,0.65625,0.6563461538461539,0.005618215829996726,1
74,0.005032587051391602,0.0003215956584614353,0.0019268512725830079,6.579893206704979e-05,0.5,6.0,0.0001,"{'C': 0.5, 'coef0': 6.0, 'gamma': 0.0001}",0.6461538461538462,0.6615384615384615,0.6615384615384615,0.65625,0.65625,0.6563461538461539,0.005618215829996726,1
75,0.0033234119415283202,0.0005043487169196312,0.0019052505493164062,0.00012054877182843898,0.5,7.5,1,"{'C': 0.5, 'coef0': 7.5, 'gamma': 1}",0.6461538461538462,0.6615384615384615,0.6615384615384615,0.65625,0.65625,0.6563461538461539,0.005618215829996726,1
76,0.003655242919921875,0.0006351697798850466,0.00189361572265625,9.249689603837282e-05,0.5,7.5,0.1,"{'C': 0.5, 'coef0': 7.5, 'gamma': 0.1}",0.6461538461538462,0.6615384615384615,0.6615384615384615,0.65625,0.65625,0.6563461538461539,0.005618215829996726,1
77,0.004564619064331055,0.0012193045725716078,0.0026312351226806642,0.0013608209150347249,0.5,7.5,0.01,"{'C': 0.5, 'coef0': 7.5, 'gamma': 0.01}",0.6461538461538462,0.6615384615384615,0.6615384615384615,0.65625,0.65625,0.6563461538461539,0.005618215829996726,1
78,0.0033727169036865236,0.00021126191592503094,0.0019527435302734374,0.00014414840134079944,0.5,7.5,0.001,"{'C': 0.5, 'coef0': 7.5, 'gamma': 0.001}",0.6461538461538462,0.6615384615384615,0.6615384615384615,0.65625,0.65625,0.6563461538461539,0.005618215829996726,1
79,0.005016708374023437,0.00026185952668015264,0.0020363330841064453,0.00014460930992260537,0.5,7.5,0.0001,"{'C': 0.5, 'coef0': 7.5, 'gamma': 0.0001}",0.6461538461538462,0.6615384615384615,0.6615384615384615,0.65625,0.65625,0.6563461538461539,0.005618215829996726,1
80,0.0035133838653564455,0.0005965616555379229,0.0019913673400878905,0.0002448203173387352,0.5,9.0,1,"{'C': 0.5, 'coef0': 9.0, 'gamma': 1}",0.6461538461538462,0.6615384615384615,0.6615384615384615,0.65625,0.65625,0.6563461538461539,0.005618215829996726,1
81,0.003586435317993164,0.0004591331659263339,0.0019231319427490234,0.00018346048003741955,0.5,9.0,0.1,"{'C': 0.5, 'coef0': 9.0, 'gamma': 0.1}",0.6461538461538462,0.6615384615384615,0.6615384615384615,0.65625,0.65625,0.6563461538461539,0.005618215829996726,1
82,0.004090785980224609,0.0004853468691512115,0.0019800662994384766,0.00012800862033578067,0.5,9.0,0.01,"{'C': 0.5, 'coef0': 9.0, 'gamma': 0.01}",0.6461538461538462,0.6615384615384615,0.6615384615384615,0.65625,0.65625,0.6563461538461539,0.005618215829996726,1
83,0.0042384624481201175,0.00041316776127176566,0.0020585060119628906,0.00018247443479855617,0.5,9.0,0.001,"{'C': 0.5, 'coef0': 9.0, 'gamma': 0.001}",0.6461538461538462,0.6615384615384615,0.6615384615384615,0.65625,0.65625,0.6563461538461539,0.005618215829996726,1
84,0.0052048683166503905,0.00011452665693482863,0.002153158187866211,8.57677493862184e-05,0.5,9.0,0.0001,"{'C': 0.5, 'coef0': 9.0, 'gamma': 0.0001}",0.6461538461538462,0.6615384615384615,0.6615384615384615,0.65625,0.65625,0.6563461538461539,0.005618215829996726,1
85,0.004088401794433594,0.0006208982676525197,0.0019716262817382813,8.669413602755441e-05,0.5,10.5,1,"{'C': 0.5, 'coef0': 10.5, 'gamma': 1}",0.6461538461538462,0.6615384615384615,0.6615384615384615,0.65625,0.65625,0.6563461538461539,0.005618215829996726,1
86,0.0037140846252441406,0.00047143990598853114,0.0019457817077636718,0.00015470536095219805,0.5,10.5,0.1,"{'C': 0.5, 'coef0': 10.5, 'gamma': 0.1}",0.6461538461538462,0.6615384615384615,0.6615384615384615,0.65625,0.65625,0.6563461538461539,0.005618215829996726,1
87,0.0033732891082763673,7.732684582013905e-05,0.0018708229064941407,6.468457308909355e-05,0.5,10.5,0.01,"{'C': 0.5, 'coef0': 10.5, 'gamma': 0.01}",0.6461538461538462,0.6615384615384615,0.6615384615384615,0.65625,0.65625,0.6563461538461539,0.005618215829996726,1
88,0.0038489341735839845,0.000626575721707043,0.0018486499786376954,0.00013172736750007534,0.5,10.5,0.001,"{'C': 0.5, 'coef0': 10.5, 'gamma': 0.001}",0.6461538461538462,0.6615384615384615,0.6615384615384615,0.65625,0.65625,0.6563461538461539,0.005618215829996726,1
89,0.0051041126251220705,0.00041771020519047237,0.002119922637939453,9.741429533961631e-05,0.5,10.5,0.0001,"{'C': 0.5, 'coef0': 10.5, 'gamma': 0.0001}",0.6461538461538462,0.6615384615384615,0.6615384615384615,0.65625,0.65625,0.6563461538461539,0.005618215829996726,1
90,0.003952932357788086,0.000533419964942036,0.0019695281982421873,0.00014306317914591823,0.5,12.0,1,"{'C': 0.5, 'coef0': 12.0, 'gamma': 1}",0.6461538461538462,0.6615384615384615,0.6615384615384615,0.65625,0.65625,0.6563461538461539,0.005618215829996726,1
91,0.003608369827270508,0.00037247796967580343,0.0019832134246826174,0.00018807725737872758,0.5,12.0,0.1,"{'C': 0.5, 'coef0': 12.0, 'gamma': 0.1}",0.6461538461538462,0.6615384615384615,0.6615384615384615,0.65625,0.65625,0.6563461538461539,0.005618215829996726,1
92,0.0035934925079345705,0.0006930742781605797,0.001991081237792969,0.00021841517573241415,0.5,12.0,0.01,"{'C': 0.5, 'coef0': 12.0, 'gamma': 0.01}",0.6461538461538462,0.6615384615384615,0.6615384615384615,0.65625,0.65625,0.6563461538461539,0.005618215829996726,1
93,0.00386962890625,0.00043138205110663147,0.0018427371978759766,0.0001665336964467098,0.5,12.0,0.001,"{'C': 0.5, 'coef0': 12.0, 'gamma': 0.001}",0.6461538461538462,0.6615384615384615,0.6615384615384615,0.65625,0.65625,0.6563461538461539,0.005618215829996726,1
94,0.004847335815429688,0.00021808408993346956,0.0022740840911865236,0.00018612130152632285,0.5,12.0,0.0001,"{'C': 0.5, 'coef0': 12.0, 'gamma': 0.0001}",0.6461538461538462,0.6615384615384615,0.6615384615384615,0.65625,0.65625,0.6563461538461539,0.005618215829996726,1
95,0.004457902908325195,0.0004466527170360024,0.00196533203125,0.00012374768568277725,0.5,13.5,1,"{'C': 0.5, 'coef0': 13.5, 'gamma': 1}",0.6461538461538462,0.6615384615384615,0.6615384615384615,0.65625,0.65625,0.6563461538461539,0.005618215829996726,1
96,0.003976678848266602,0.0004724270395635281,0.002123117446899414,9.749378533403397e-05,0.5,13.5,0.1,"{'C': 0.5, 'coef0': 13.5, 'gamma': 0.1}",0.6461538461538462,0.6615384615384615,0.6615384615384615,0.65625,0.65625,0.6563461538461539,0.005618215829996726,1
97,0.004216670989990234,0.0005901314400012576,0.0019644737243652345,6.816613582841862e-05,0.5,13.5,0.01,"{'C': 0.5, 'coef0': 13.5, 'gamma': 0.01}",0.6461538461538462,0.6615384615384615,0.6615384615384615,0.65625,0.65625,0.6563461538461539,0.005618215829996726,1
98,0.004249763488769531,0.0004747768331909552,0.002001047134399414,0.00011048462043175054,0.5,13.5,0.001,"{'C': 0.5, 'coef0': 13.5, 'gamma': 0.001}",0.6461538461538462,0.6615384615384615,0.6615384615384615,0.65625,0.65625,0.6563461538461539,0.005618215829996726,1
99,0.004923534393310547,0.00022583550490160945,0.0021882057189941406,9.638965641254715e-05,0.5,13.5,0.0001,"{'C': 0.5, 'coef0': 13.5, 'gamma': 0.0001}",0.6461538461538462,0.6615384615384615,0.6615384615384615,0.65625,0.65625,0.6563461538461539,0.005618215829996726,1
100,0.0039307594299316405,0.0006698292717196984,0.0019605159759521484,0.00011770404344217253,1,0.0,1,"{'C': 1, 'coef0': 0.0, 'gamma': 1}",0.6461538461538462,0.6615384615384615,0.6615384615384615,0.65625,0.65625,0.6563461538461539,0.005618215829996726,1
101,0.0038907527923583984,0.0005195099369599585,0.001995706558227539,0.00016281545938901415,1,0.0,0.1,"{'C': 1, 'coef0': 0.0, 'gamma': 0.1}",0.6461538461538462,0.6615384615384615,0.6615384615384615,0.65625,0.65625,0.6563461538461539,0.005618215829996726,1
102,0.003914451599121094,0.0005905904270629772,0.0020233154296875,0.00010296697537218158,1,0.0,0.01,"{'C': 1, 'coef0': 0.0, 'gamma': 0.01}",0.6461538461538462,0.6615384615384615,0.6615384615384615,0.65625,0.65625,0.6563461538461539,0.005618215829996726,1
103,0.004149436950683594,0.0005565292289807999,0.0020285606384277343,7.913221468842309e-05,1,0.0,0.001,"{'C': 1, 'coef0': 0.0, 'gamma': 0.001}",0.6461538461538462,0.6615384615384615,0.6615384615384615,0.65625,0.65625,0.6563461538461539,0.005618215829996726,1
104,0.005193901062011719,0.00024359852426310944,0.0023087501525878907,6.329312348576783e-05,1,0.0,0.0001,"{'C': 1, 'coef0': 0.0, 'gamma': 0.0001}",0.6461538461538462,0.6615384615384615,0.6615384615384615,0.65625,0.65625,0.6563461538461539,0.005618215829996726,1
105,0.003887939453125,0.0005977704939900507,0.0018948554992675782,0.00011172759640272142,1,1.5,1,"{'C': 1, 'coef0': 1.5, 'gamma': 1}",0.6461538461538462,0.6615384615384615,0.6615384615384615,0.65625,0.65625,0.6563461538461539,0.005618215829996726,1
106,0.003767585754394531,0.0004761266564870635,0.0019249916076660156,9.106640991008255e-05,1,1.5,0.1,"{'C': 1, 'coef0': 1.5, 'gamma': 0.1}",0.6461538461538462,0.6615384615384615,0.6615384615384615,0.65625,0.65625,0.6563461538461539,0.005618215829996726,1
107,0.0036048412322998045,0.0005910937614190732,0.0020909786224365236,0.00027029489812632073,1,1.5,0.01,"{'C': 1, 'coef0': 1.5, 'gamma': 0.01}",0.6461538461538462,0.6615384615384615,0.6615384615384615,0.65625,0.65625,0.6563461538461539,0.005618215829996726,1
108,0.003968143463134765,0.0004786368406668667,0.0020525455474853516,0.00012313621414421368,1,1.5,0.001,"{'C': 1, 'coef0': 1.5, 'gamma': 0.001}",0.6461538461538462,0.6615384615384615,0.6615384615384615,0.65625,0.65625,0.6563461538461539,0.005618215829996726,1
109,0.005034828186035156,0.00014245055003857346,0.002138566970825195,0.00015990244778446062,1,1.5,0.0001,"{'C': 1, 'coef0': 1.5, 'gamma': 0.0001}",0.6461538461538462,0.6615384615384615,0.6615384615384615,0.65625,0.65625,0.6563461538461539,0.005618215829996726,1
110,0.004256772994995117,0.0006712158822949972,0.0019822120666503906,0.00013107350596905707,1,3.0,1,"{'C': 1, 'coef0': 3.0, 'gamma': 1}",0.6461538461538462,0.6615384615384615,0.6615384615384615,0.65625,0.65625,0.6563461538461539,0.005618215829996726,1
111,0.0042397499084472655,0.0007376264790293863,0.001954317092895508,0.00011681907015420152,1,3.0,0.1,"{'C': 1, 'coef0': 3.0, 'gamma': 0.1}",0.6461538461538462,0.6615384615384615,0.6615384615384615,0.65625,0.65625,0.6563461538461539,0.005618215829996726,1
112,0.004278898239135742,0.0005418909093768019,0.001975536346435547,0.000169806458916499,1,3.0,0.01,"{'C': 1, 'coef0': 3.0, 'gamma': 0.01}",0.6461538461538462,0.6615384615384615,0.6615384615384615,0.65625,0.65625,0.6563461538461539,0.005618215829996726,1
113,0.0036413192749023436,0.0004050945766913288,0.0020149707794189452,8.216979332277343e-05,1,3.0,0.001,"{'C': 1, 'coef0': 3.0, 'gamma': 0.001}",0.6461538461538462,0.6615384615384615,0.6615384615384615,0.65625,0.65625,0.6563461538461539,0.005618215829996726,1
114,0.005394887924194336,0.00018557295363060068,0.002335262298583984,0.00014039388109018375,1,3.0,0.0001,"{'C': 1, 'coef0': 3.0, 'gamma': 0.0001}",0.6461538461538462,0.6615384615384615,0.6615384615384615,0.65625,0.65625,0.6563461538461539,0.005618215829996726,1
115,0.00358729362487793,0.0005668888016026357,0.0019666194915771485,0.00010224289374031478,1,4.5,1,"{'C': 1, 'coef0': 4.5, 'gamma': 1}",0.6461538461538462,0.6615384615384615,0.6615384615384615,0.65625,0.65625,0.6563461538461539,0.005618215829996726,1
116,0.004109716415405274,0.0005150244308527264,0.0019401073455810546,0.0001065597803204985,1,4.5,0.1,"{'C': 1, 'coef0': 4.5, 'gamma': 0.1}",0.6461538461538462,0.6615384615384615,0.6615384615384615,0.65625,0.65625,0.6563461538461539,0.005618215829996726,1
117,0.004090261459350586,0.00048574424171000203,0.0020168781280517577,0.00011900947991645338,1,4.5,0.01,"{'C': 1, 'coef0': 4.5, 'gamma': 0.01}",0.6461538461538462,0.6615384615384615,0.6615384615384615,0.65625,0.65625,0.6563461538461539,0.005618215829996726,1
118,0.003558826446533203,0.0002776088193098335,0.0020145893096923826,4.9275162359297364e-05,1,4.5,0.001,"{'C': 1, 'coef0': 4.5, 'gamma': 0.001}",0.6461538461538462,0.6615384615384615,0.6615384615384615,0.65625,0.65625,0.6563461538461539,0.005618215829996726,1
119,0.004996442794799804,0.0002762206409689491,0.0022387027740478514,0.0001145286422517041,1,4.5,0.0001,"{'C': 1, 'coef0': 4.5, 'gamma': 0.0001}",0.6461538461538462,0.6615384615384615,0.6615384615384615,0.65625,0.65625,0.6563461538461539,0.005618215829996726,1
120,0.004582548141479492,0.00047498971205122933,0.0020340442657470702,0.0002192512394345484,1,6.0,1,"{'C': 1, 'coef0': 6.0, 'gamma': 1}",0.6461538461538462,0.6615384615384615,0.6615384615384615,0.65625,0.65625,0.6563461538461539,0.005618215829996726,1
121,0.00427851676940918,0.0007583101103126124,0.0019464969635009765,3.288358379575432e-05,1,6.0,0.1,"{'C': 1, 'coef0': 6.0, 'gamma': 0.1}",0.6461538461538462,0.6615384615384615,0.6615384615384615,0.65625,0.65625,0.6563461538461539,0.005618215829996726,1
122,0.0038794517517089845,0.0006459754463744623,0.001957607269287109,3.454335545811315e-05,1,6.0,0.01,"{'C': 1, 'coef0': 6.0, 'gamma': 0.01}",0.6461538461538462,0.6615384615384615,0.6615384615384615,0.65625,0.65625,0.6563461538461539,0.005618215829996726,1
123,0.00391077995300293,0.0005700802509838605,0.001903867721557617,9.214914785709297e-05,1,6.0,0.001,"{'C': 1, 'coef0': 6.0, 'gamma': 0.001}",0.6461538461538462,0.6615384615384615,0.6615384615384615,0.65625,0.65625,0.6563461538461539,0.005618215829996726,1
124,0.005054759979248047,0.00015425673960900278,0.0021314620971679688,6.339280570000646e-05,1,6.0,0.0001,"{'C': 1, 'coef0': 6.0, 'gamma': 0.0001}",0.6461538461538462,0.6615384615384615,0.6615384615384615,0.65625,0.65625,0.6563461538461539,0.005618215829996726,1
125,0.0038304805755615236,0.0005260599790297727,0.0018598079681396485,0.00014774094308242665,1,7.5,1,"{'C': 1, 'coef0': 7.5, 'gamma': 1}",0.6461538461538462,0.6615384615384615,0.6615384615384615,0.65625,0.65625,0.6563461538461539,0.005618215829996726,1
126,0.0038829803466796874,0.0005635801008015051,0.0019646167755126955,0.0001225424554126132,1,7.5,0.1,"{'C': 1, 'coef0': 7.5, 'gamma': 0.1}",0.6461538461538462,0.6615384615384615,0.6615384615384615,0.65625,0.65625,0.6563461538461539,0.005618215829996726,1
127,0.0039787769317626955,0.0007660290387680448,0.002090167999267578,0.0001374599542012074,1,7.5,0.01,"{'C': 1, 'coef0': 7.5, 'gamma': 0.01}",0.6461538461538462,0.6615384615384615,0.6615384615384615,0.65625,0.65625,0.6563461538461539,0.005618215829996726,1
128,0.003987693786621093,0.0006788903391807862,0.002094411849975586,0.00019020236307708486,1,7.5,0.001,"{'C': 1, 'coef0': 7.5, 'gamma': 0.001}",0.6461538461538462,0.6615384615384615,0.6615384615384615,0.65625,0.65625,0.6563461538461539,0.005618215829996726,1
129,0.005086326599121093,0.00019406953663751952,0.0021983623504638673,0.00012758665467461826,1,7.5,0.0001,"{'C': 1, 'coef0': 7.5, 'gamma': 0.0001}",0.6461538461538462,0.6615384615384615,0.6615384615384615,0.65625,0.65625,0.6563461538461539,0.005618215829996726,1
130,0.004023027420043945,0.0006384995090629168,0.0019452571868896484,0.00015508324963673086,1,9.0,1,"{'C': 1, 'coef0': 9.0, 'gamma': 1}",0.6461538461538462,0.6615384615384615,0.6615384615384615,0.65625,0.65625,0.6563461538461539,0.005618215829996726,1
131,0.004637765884399414,0.00012070145369781942,0.001880645751953125,9.012815163300685e-05,1,9.0,0.1,"{'C': 1, 'coef0': 9.0, 'gamma': 0.1}",0.6461538461538462,0.6615384615384615,0.6615384615384615,0.65625,0.65625,0.6563461538461539,0.005618215829996726,1
132,0.003736543655395508,0.0006593879224823498,0.0017859935760498047,0.00016359615089931657,1,9.0,0.01,"{'C': 1, 'coef0': 9.0, 'gamma': 0.01}",0.6461538461538462,0.6615384615384615,0.6615384615384615,0.65625,0.65625,0.6563461538461539,0.005618215829996726,1
133,0.003908920288085938,0.0006042536724134558,0.0019516468048095704,0.0001645033185840765,1,9.0,0.001,"{'C': 1, 'coef0': 9.0, 'gamma': 0.001}",0.6461538461538462,0.6615384615384615,0.6615384615384615,0.65625,0.65625,0.6563461538461539,0.005618215829996726,1
134,0.00475468635559082,0.0002487696334232063,0.0020941734313964845,6.91717344313603e-05,1,9.0,0.0001,"{'C': 1, 'coef0': 9.0, 'gamma': 0.0001}",0.6461538461538462,0.6615384615384615,0.6615384615384615,0.65625,0.65625,0.6563461538461539,0.005618215829996726,1
135,0.0033254146575927733,9.97254957233163e-05,0.0019646167755126955,0.00015133487797376423,1,10.5,1,"{'C': 1, 'coef0': 10.5, 'gamma': 1}",0.6461538461538462,0.6615384615384615,0.6615384615384615,0.65625,0.65625,0.6563461538461539,0.005618215829996726,1
136,0.0036956310272216798,0.0006961922056975706,0.001878499984741211,0.00010126106077540766,1,10.5,0.1,"{'C': 1, 'coef0': 10.5, 'gamma': 0.1}",0.6461538461538462,0.6615384615384615,0.6615384615384615,0.65625,0.65625,0.6563461538461539,0.005618215829996726,1
137,0.0033992767333984376,0.0005511542997524724,0.0019025325775146485,0.0001214312799295195,1,10.5,0.01,"{'C': 1, 'coef0': 10.5, 'gamma': 0.01}",0.6461538461538462,0.6615384615384615,0.6615384615384615,0.65625,0.65625,0.6563461538461539,0.005618215829996726,1
138,0.0037139892578125,0.0007279017788556683,0.0018193244934082032,0.00010650138447190557,1,10.5,0.001,"{'C': 1, 'coef0': 10.5, 'gamma': 0.001}",0.6461538461538462,0.6615384615384615,0.6615384615384615,0.65625,0.65625,0.6563461538461539,0.005618215829996726,1
139,0.00510101318359375,0.00028131434000682777,0.0021091461181640624,7.309753443585762e-05,1,10.5,0.0001,"{'C': 1, 'coef0': 10.5, 'gamma': 0.0001}",0.6461538461538462,0.6615384615384615,0.6615384615384615,0.65625,0.65625,0.6563461538461539,0.005618215829996726,1
140,0.004166126251220703,0.0004825565419104801,0.0020687103271484373,5.901240808538116e-05,1,12.0,1,"{'C': 1, 'coef0': 12.0, 'gamma': 1}",0.6461538461538462,0.6615384615384615,0.6615384615384615,0.65625,0.65625,0.6563461538461539,0.005618215829996726,1
141,0.004497814178466797,0.00044141025641614883,0.0020018577575683593,9.747181366278841e-05,1,12.0,0.1,"{'C': 1, 'coef0': 12.0, 'gamma': 0.1}",0.6461538461538462,0.6615384615384615,0.6615384615384615,0.65625,0.65625,0.6563461538461539,0.005618215829996726,1
142,0.0034487247467041016,0.00024073793463904252,0.0020217418670654295,0.0001135191351695059,1,12.0,0.01,"{'C': 1, 'coef0': 12.0, 'gamma': 0.01}",0.6461538461538462,0.6615384615384615,0.6615384615384615,0.65625,0.65625,0.6563461538461539,0.005618215829996726,1
143,0.004105377197265625,0.0006431492444858717,0.0019725799560546876,0.00012785333630462324,1,12.0,0.001,"{'C': 1, 'coef0': 12.0, 'gamma': 0.001}",0.6461538461538462,0.6615384615384615,0.6615384615384615,0.65625,0.65625,0.6563461538461539,0.005618215829996726,1
144,0.004932832717895508,0.00022384589028763362,0.002101707458496094,0.00010183832967682822,1,12.0,0.0001,"{'C': 1, 'coef0': 12.0, 'gamma': 0.0001}",0.6461538461538462,0.6615384615384615,0.6615384615384615,0.65625,0.65625,0.6563461538461539,0.005618215829996726,1
145,0.004091119766235352,0.0004189041329755081,0.001997566223144531,0.0001357431191677858,1,13.5,1,"{'C': 1, 'coef0': 13.5, 'gamma': 1}",0.6461538461538462,0.6615384615384615,0.6615384615384615,0.65625,0.65625,0.6563461538461539,0.005618215829996726,1
146,0.003862953186035156,0.0004874955968236955,0.0021162509918212892,0.0001008392106078613,1,13.5,0.1,"{'C': 1, 'coef0': 13.5, 'gamma': 0.1}",0.6461538461538462,0.6615384615384615,0.6615384615384615,0.65625,0.65625,0.6563461538461539,0.005618215829996726,1
147,0.003876209259033203,0.000565271958475418,0.0019589900970458985,9.99244776110169e-05,1,13.5,0.01,"{'C': 1, 'coef0': 13.5, 'gamma': 0.01}",0.6461538461538462,0.6615384615384615,0.6615384615384615,0.65625,0.65625,0.6563461538461539,0.005618215829996726,1
148,0.003842449188232422,0.000571440794916111,0.002031755447387695,0.0001249691309068089,1,13.5,0.001,"{'C': 1, 'coef0': 13.5, 'gamma': 0.001}",0.6461538461538462,0.6615384615384615,0.6615384615384615,0.65625,0.65625,0.6563461538461539,0.005618215829996726,1
149,0.005168724060058594,0.0002074538352177035,0.0021160125732421877,0.00012661875394028195,1,13.5,0.0001,"{'C': 1, 'coef0': 13.5, 'gamma': 0.0001}",0.6461538461538462,0.6615384615384615,0.6615384615384615,0.65625,0.65625,0.6563461538461539,0.005618215829996726,1
150,0.0034119129180908204,0.00017621353148908667,0.002050447463989258,8.476515160011733e-05,10,0.0,1,"{'C': 10, 'coef0': 0.0, 'gamma': 1}",0.6461538461538462,0.6615384615384615,0.6615384615384615,0.65625,0.65625,0.6563461538461539,0.005618215829996726,1
151,0.004198026657104492,0.0004954524720524804,0.0019301891326904297,0.00016357901318395196,10,0.0,0.1,"{'C': 10, 'coef0': 0.0, 'gamma': 0.1}",0.6461538461538462,0.6615384615384615,0.6615384615384615,0.65625,0.65625,0.6563461538461539,0.005618215829996726,1
152,0.00540318489074707,0.0018604609399677234,0.0020674705505371095,0.00012171128119949495,10,0.0,0.01,"{'C': 10, 'coef0': 0.0, 'gamma': 0.01}",0.6461538461538462,0.6615384615384615,0.6615384615384615,0.65625,0.65625,0.6563461538461539,0.005618215829996726,1
153,0.004679107666015625,0.0005853568858316034,0.002042722702026367,0.0002424833178664885,10,0.0,0.001,"{'C': 10, 'coef0': 0.0, 'gamma': 0.001}",0.6461538461538462,0.6615384615384615,0.6615384615384615,0.65625,0.65625,0.6563461538461539,0.005618215829996726,1
154,0.004910469055175781,0.0004339658536675236,0.002127218246459961,9.655633379526991e-05,10,0.0,0.0001,"{'C': 10, 'coef0': 0.0, 'gamma': 0.0001}",0.4461538461538462,0.4,0.6,0.421875,0.65625,0.5048557692307692,0.10324639842136019,346
155,0.00404047966003418,0.0006460242718901518,0.002071857452392578,5.755485733452355e-05,10,1.5,1,"{'C': 10, 'coef0': 1.5, 'gamma': 1}",0.6461538461538462,0.6615384615384615,0.6615384615384615,0.65625,0.65625,0.6563461538461539,0.005618215829996726,1
156,0.004224634170532227,0.0005674798251474302,0.0021024703979492187,0.000128667206828372,10,1.5,0.1,"{'C': 10, 'coef0': 1.5, 'gamma': 0.1}",0.6461538461538462,0.6615384615384615,0.6615384615384615,0.65625,0.65625,0.6563461538461539,0.005618215829996726,1
157,0.003887176513671875,0.0008938326076294817,0.0022426605224609374,0.0004149056427923559,10,1.5,0.01,"{'C': 10, 'coef0': 1.5, 'gamma': 0.01}",0.6461538461538462,0.6615384615384615,0.6615384615384615,0.65625,0.65625,0.6563461538461539,0.005618215829996726,1
158,0.003919076919555664,0.00044335813821010133,0.0020442485809326174,0.00024608740194954215,10,1.5,0.001,"{'C': 10, 'coef0': 1.5, 'gamma': 0.001}",0.6461538461538462,0.6615384615384615,0.6615384615384615,0.65625,0.65625,0.6563461538461539,0.005618215829996726,1
159,0.005665969848632812,0.000921010957491265,0.002479410171508789,0.0002474193373689451,10,1.5,0.0001,"{'C': 10, 'coef0': 1.5, 'gamma': 0.0001}",0.6461538461538462,0.6615384615384615,0.6615384615384615,0.65625,0.65625,0.6563461538461539,0.005618215829996726,1
160,0.003981971740722656,0.000499874595018473,0.002293682098388672,0.00038077011924218064,10,3.0,1,"{'C': 10, 'coef0': 3.0, 'gamma': 1}",0.6461538461538462,0.6615384615384615,0.6615384615384615,0.65625,0.65625,0.6563461538461539,0.005618215829996726,1
161,0.004521751403808593,0.0011545174401119097,0.002644968032836914,0.0011651721632102133,10,3.0,0.1,"{'C': 10, 'coef0': 3.0, 'gamma': 0.1}",0.6461538461538462,0.6615384615384615,0.6615384615384615,0.65625,0.65625,0.6563461538461539,0.005618215829996726,1
162,0.003783512115478516,0.00045429668713482064,0.0020975589752197264,0.00011292440224179856,10,3.0,0.01,"{'C': 10, 'coef0': 3.0, 'gamma': 0.01}",0.6461538461538462,0.6615384615384615,0.6615384615384615,0.65625,0.65625,0.6563461538461539,0.005618215829996726,1
163,0.003532695770263672,0.00018892932083657728,0.0022081375122070313,0.000293723971711365,10,3.0,0.001,"{'C': 10, 'coef0': 3.0, 'gamma': 0.001}",0.6461538461538462,0.6615384615384615,0.6615384615384615,0.65625,0.65625,0.6563461538461539,0.005618215829996726,1
164,0.005257844924926758,0.00022340240698485582,0.0026308536529541016,0.00019481541429893187,10,3.0,0.0001,"{'C': 10, 'coef0': 3.0, 'gamma': 0.0001}",0.6461538461538462,0.6615384615384615,0.6615384615384615,0.65625,0.65625,0.6563461538461539,0.005618215829996726,1
165,0.0038502693176269533,0.0005368216631972459,0.0020933151245117188,0.000219474629838277,10,4.5,1,"{'C': 10, 'coef0': 4.5, 'gamma': 1}",0.6461538461538462,0.6615384615384615,0.6615384615384615,0.65625,0.65625,0.6563461538461539,0.005618215829996726,1
166,0.0034859180450439453,0.0005396295353876396,0.0018030166625976562,0.00014321640323930639,10,4.5,0.1,"{'C': 10, 'coef0': 4.5, 'gamma': 0.1}",0.6461538461538462,0.6615384615384615,0.6615384615384615,0.65625,0.65625,0.6563461538461539,0.005618215829996726,1
167,0.004283905029296875,0.0004452717791875207,0.0020174503326416014,0.00012518218750735675,10,4.5,0.01,"{'C': 10, 'coef0': 4.5, 'gamma': 0.01}",0.6461538461538462,0.6615384615384615,0.6615384615384615,0.65625,0.65625,0.6563461538461539,0.005618215829996726,1
168,0.0036641597747802735,0.00012515050649249313,0.002020740509033203,0.0001259517853812612,10,4.5,0.001,"{'C': 10, 'coef0': 4.5, 'gamma': 0.001}",0.6461538461538462,0.6615384615384615,0.6615384615384615,0.65625,0.65625,0.6563461538461539,0.005618215829996726,1
169,0.005799245834350586,0.00028435712865441297,0.0023622035980224608,0.000189661606537112,10,4.5,0.0001,"{'C': 10, 'coef0': 4.5, 'gamma': 0.0001}",0.6461538461538462,0.6615384615384615,0.6615384615384615,0.65625,0.65625,0.6563461538461539,0.005618215829996726,1
170,0.003939628601074219,0.0005479519590913893,0.002140378952026367,0.00026107980102064814,10,6.0,1,"{'C': 10, 'coef0': 6.0, 'gamma': 1}",0.6461538461538462,0.6615384615384615,0.6615384615384615,0.65625,0.65625,0.6563461538461539,0.005618215829996726,1
171,0.0036363124847412108,0.0004053529101228644,0.0020813941955566406,0.00013462481934154008,10,6.0,0.1,"{'C': 10, 'coef0': 6.0, 'gamma': 0.1}",0.6461538461538462,0.6615384615384615,0.6615384615384615,0.65625,0.65625,0.6563461538461539,0.005618215829996726,1
172,0.003620147705078125,0.0004056069475951405,0.0020489215850830076,7.741747537082886e-05,10,6.0,0.01,"{'C': 10, 'coef0': 6.0, 'gamma': 0.01}",0.6461538461538462,0.6615384615384615,0.6615384615384615,0.65625,0.65625,0.6563461538461539,0.005618215829996726,1
173,0.004142284393310547,0.0005499151893620398,0.0020780563354492188,0.00024631115603327493,10,6.0,0.001,"{'C': 10, 'coef0': 6.0, 'gamma': 0.001}",0.6461538461538462,0.6615384615384615,0.6615384615384615,0.65625,0.65625,0.6563461538461539,0.005618215829996726,1
174,0.005212020874023437,0.00030320733732536117,0.0022998809814453124,0.00012349793346071245,10,6.0,0.0001,"{'C': 10, 'coef0': 6.0, 'gamma': 0.0001}",0.6461538461538462,0.6615384615384615,0.6615384615384615,0.65625,0.65625,0.6563461538461539,0.005618215829996726,1
175,0.004114484786987305,0.0005044723859580364,0.002081489562988281,0.0001806001836218308,10,7.5,1,"{'C': 10, 'coef0': 7.5, 'gamma': 1}",0.6461538461538462,0.6615384615384615,0.6615384615384615,0.65625,0.65625,0.6563461538461539,0.005618215829996726,1
176,0.004273891448974609,0.0005143954082025102,0.002216625213623047,0.00016428762575374756,10,7.5,0.1,"{'C': 10, 'coef0': 7.5, 'gamma': 0.1}",0.6461538461538462,0.6615384615384615,0.6615384615384615,0.65625,0.65625,0.6563461538461539,0.005618215829996726,1
177,0.004338312149047852,0.0007044923180033002,0.0020768165588378905,0.00022645926903232475,10,7.5,0.01,"{'C': 10, 'coef0': 7.5, 'gamma': 0.01}",0.6461538461538462,0.6615384615384615,0.6615384615384615,0.65625,0.65625,0.6563461538461539,0.005618215829996726,1
178,0.004134464263916016,0.0005992901355566374,0.0020484447479248045,0.00014507470993736104,10,7.5,0.001,"{'C': 10, 'coef0': 7.5, 'gamma': 0.001}",0.6461538461538462,0.6615384615384615,0.6615384615384615,0.65625,0.65625,0.6563461538461539,0.005618215829996726,1
179,0.00584115982055664,0.0003527613645137381,0.0023776531219482423,0.0003304591459176216,10,7.5,0.0001,"{'C': 10, 'coef0': 7.5, 'gamma': 0.0001}",0.6461538461538462,0.6615384615384615,0.6615384615384615,0.65625,0.65625,0.6563461538461539,0.005618215829996726,1
180,0.004414272308349609,0.0009046448751800315,0.002739095687866211,0.0011303797679304655,10,9.0,1,"{'C': 10, 'coef0': 9.0, 'gamma': 1}",0.6461538461538462,0.6615384615384615,0.6615384615384615,0.65625,0.65625,0.6563461538461539,0.005618215829996726,1
181,0.004126501083374023,0.0004341848697406845,0.0022138118743896484,0.0004838304680477877,10,9.0,0.1,"{'C': 10, 'coef0': 9.0, 'gamma': 0.1}",0.6461538461538462,0.6615384615384615,0.6615384615384615,0.65625,0.65625,0.6563461538461539,0.005618215829996726,1
182,0.00418543815612793,0.000940444459173548,0.0021961688995361327,0.0003218762289871987,10,9.0,0.01,"{'C': 10, 'coef0': 9.0, 'gamma': 0.01}",0.6461538461538462,0.6615384615384615,0.6615384615384615,0.65625,0.65625,0.6563461538461539,0.005618215829996726,1
183,0.0034037113189697267,0.0005843104906515507,0.001889944076538086,0.0001832352491244313,10,9.0,0.001,"{'C': 10, 'coef0': 9.0, 'gamma': 0.001}",0.6461538461538462,0.6615384615384615,0.6615384615384615,0.65625,0.65625,0.6563461538461539,0.005618215829996726,1
184,0.005139350891113281,0.00033502281474318457,0.002243185043334961,0.00014380096380731653,10,9.0,0.0001,"{'C': 10, 'coef0': 9.0, 'gamma': 0.0001}",0.6461538461538462,0.6615384615384615,0.6615384615384615,0.65625,0.65625,0.6563461538461539,0.005618215829996726,1
185,0.004181766510009765,0.0006168431275499844,0.0019806385040283202,0.0001317357560445349,10,10.5,1,"{'C': 10, 'coef0': 10.5, 'gamma': 1}",0.6461538461538462,0.6615384615384615,0.6615384615384615,0.65625,0.65625,0.6563461538461539,0.005618215829996726,1
186,0.0040686607360839845,0.0006840205250695711,0.0019644737243652345,8.718985366385607e-05,10,10.5,0.1,"{'C': 10, 'coef0': 10.5, 'gamma': 0.1}",0.6461538461538462,0.6615384615384615,0.6615384615384615,0.65625,0.65625,0.6563461538461539,0.005618215829996726,1
187,0.0036144256591796875,0.0005964160726790457,0.00192108154296875,0.00010118587863692557,10,10.5,0.01,"{'C': 10, 'coef0': 10.5, 'gamma': 0.01}",0.6461538461538462,0.6615384615384615,0.6615384615384615,0.65625,0.65625,0.6563461538461539,0.005618215829996726,1
188,0.003859424591064453,0.0005590150268314393,0.0023418426513671874,0.00036184939736467266,10,10.5,0.001,"{'C': 10, 'coef0': 10.5, 'gamma': 0.001}",0.6461538461538462,0.6615384615384615,0.6615384615384615,0.65625,0.65625,0.6563461538461539,0.005618215829996726,1
189,0.005114078521728516,0.00027404993473027984,0.0021277427673339843,0.00015193461107264092,10,10.5,0.0001,"{'C': 10, 'coef0': 10.5, 'gamma': 0.0001}",0.6461538461538462,0.6615384615384615,0.6615384615384615,0.65625,0.65625,0.6563461538461539,0.005618215829996726,1
190,0.0038355350494384765,0.0005532261257108083,0.001974630355834961,0.00011919626164773561,10,12.0,1,"{'C': 10, 'coef0': 12.0, 'gamma': 1}",0.6461538461538462,0.6615384615384615,0.6615384615384615,0.65625,0.65625,0.6563461538461539,0.005618215829996726,1
191,0.00372772216796875,0.0005612501857586039,0.0018335342407226562,5.595955783177125e-05,10,12.0,0.1,"{'C': 10, 'coef0': 12.0, 'gamma': 0.1}",0.6461538461538462,0.6615384615384615,0.6615384615384615,0.65625,0.65625,0.6563461538461539,0.005618215829996726,1
192,0.004032945632934571,0.000536250750110633,0.0018790245056152343,8.000460749386132e-05,10,12.0,0.01,"{'C': 10, 'coef0': 12.0, 'gamma': 0.01}",0.6461538461538462,0.6615384615384615,0.6615384615384615,0.65625,0.65625,0.6563461538461539,0.005618215829996726,1
193,0.0033520221710205077,0.0005091173746836375,0.00186767578125,0.00010587649138288416,10,12.0,0.001,"{'C': 10, 'coef0': 12.0, 'gamma': 0.001}",0.6461538461538462,0.6615384615384615,0.6615384615384615,0.65625,0.65625,0.6563461538461539,0.005618215829996726,1
194,0.004993438720703125,0.00012731436039541846,0.002343416213989258,0.00037434055473995175,10,12.0,0.0001,"{'C': 10, 'coef0': 12.0, 'gamma': 0.0001}",0.6461538461538462,0.6615384615384615,0.6615384615384615,0.65625,0.65625,0.6563461538461539,0.005618215829996726,1
195,0.004250669479370117,0.0004902673214660208,0.0019103527069091798,8.408000801141057e-05,10,13.5,1,"{'C': 10, 'coef0': 13.5, 'gamma': 1}",0.6461538461538462,0.6615384615384615,0.6615384615384615,0.65625,0.65625,0.6563461538461539,0.005618215829996726,1
196,0.0033732891082763673,0.0005789763097644935,0.0018525123596191406,8.23359845112852e-05,10,13.5,0.1,"{'C': 10, 'coef0': 13.5, 'gamma': 0.1}",0.6461538461538462,0.6615384615384615,0.6615384615384615,0.65625,0.65625,0.6563461538461539,0.005618215829996726,1
197,0.0029564380645751955,5.762284574870998e-05,0.0018370628356933593,7.02220065676496e-05,10,13.5,0.01,"{'C': 10, 'coef0': 13.5, 'gamma': 0.01}",0.6461538461538462,0.6615384615384615,0.6615384615384615,0.65625,0.65625,0.6563461538461539,0.005618215829996726,1
198,0.003414440155029297,0.000560904471411154,0.0018823623657226562,0.0001041996009815404,10,13.5,0.001,"{'C': 10, 'coef0': 13.5, 'gamma': 0.001}",0.6461538461538462,0.6615384615384615,0.6615384615384615,0.65625,0.65625,0.6563461538461539,0.005618215829996726,1
199,0.004763555526733398,0.00027649847401064976,0.002056598663330078,0.00017509418894732996,10,13.5,0.0001,"{'C': 10, 'coef0': 13.5, 'gamma': 0.0001}",0.6461538461538462,0.6615384615384615,0.6615384615384615,0.65625,0.65625,0.6563461538461539,0.005618215829996726,1
200,0.003555154800415039,0.0005970868300580895,0.0019636631011962892,8.184481655981581e-05,50,0.0,1,"{'C': 50, 'coef0': 0.0, 'gamma': 1}",0.6461538461538462,0.6615384615384615,0.6615384615384615,0.65625,0.65625,0.6563461538461539,0.005618215829996726,1
201,0.0038327693939208983,0.0006693370408322433,0.002111053466796875,4.811038813322956e-05,50,0.0,0.1,"{'C': 50, 'coef0': 0.0, 'gamma': 0.1}",0.6461538461538462,0.6615384615384615,0.6615384615384615,0.65625,0.65625,0.6563461538461539,0.005618215829996726,1
202,0.003565359115600586,0.0005863681754261325,0.0019989013671875,0.00012618178007506602,50,0.0,0.01,"{'C': 50, 'coef0': 0.0, 'gamma': 0.01}",0.6461538461538462,0.6615384615384615,0.6615384615384615,0.65625,0.65625,0.6563461538461539,0.005618215829996726,1
203,0.003838253021240234,0.0005034542688017555,0.002034616470336914,6.293842273537185e-05,50,0.0,0.001,"{'C': 50, 'coef0': 0.0, 'gamma': 0.001}",0.6461538461538462,0.6615384615384615,0.6615384615384615,0.65625,0.65625,0.6563461538461539,0.005618215829996726,1
204,0.004429960250854492,0.00034524507253024954,0.001985502243041992,0.00010944595979375937,50,0.0,0.0001,"{'C': 50, 'coef0': 0.0, 'gamma': 0.0001}",0.4461538461538462,0.38461538461538464,0.6153846153846154,0.390625,0.59375,0.48610576923076926,0.09931095820763358,348
205,0.004478359222412109,0.0005751460012864632,0.0019790172576904298,0.00016991392116919035,50,1.5,1,"{'C': 50, 'coef0': 1.5, 'gamma': 1}",0.6461538461538462,0.6615384615384615,0.6615384615384615,0.65625,0.65625,0.6563461538461539,0.005618215829996726,1
206,0.0035762786865234375,0.0003635865039466747,0.0020908355712890626,0.00011316206771108535,50,1.5,0.1,"{'C': 50, 'coef0': 1.5, 'gamma': 0.1}",0.6461538461538462,0.6615384615384615,0.6615384615384615,0.65625,0.65625,0.6563461538461539,0.005618215829996726,1
207,0.0037750244140625,0.0005081370513962083,0.002012777328491211,0.0003282254606121718,50,1.5,0.01,"{'C': 50, 'coef0': 1.5, 'gamma': 0.01}",0.6461538461538462,0.6615384615384615,0.6615384615384615,0.65625,0.65625,0.6563461538461539,0.005618215829996726,1
208,0.003916025161743164,0.00017339853966517096,0.0019496917724609376,0.00013918676534993465,50,1.5,0.001,"{'C': 50, 'coef0': 1.5, 'gamma': 0.001}",0.6461538461538462,0.6615384615384615,0.6615384615384615,0.65625,0.65625,0.6563461538461539,0.005618215829996726,1
209,0.005091333389282226,0.00011841611199781933,0.0021214962005615236,7.378111688097174e-05,50,1.5,0.0001,"{'C': 50, 'coef0': 1.5, 'gamma': 0.0001}",0.5692307692307692,0.49230769230769234,0.6461538461538462,0.515625,0.65625,0.5759134615384616,0.06641829968122023,343
210,0.0035509109497070313,0.00026229969077683993,0.0021162986755371093,0.00010803656885881595,50,3.0,1,"{'C': 50, 'coef0': 3.0, 'gamma': 1}",0.6461538461538462,0.6615384615384615,0.6615384615384615,0.65625,0.65625,0.6563461538461539,0.005618215829996726,1
211,0.0039370059967041016,0.0005211765135336142,0.0019713401794433593,9.703637341023592e-05,50,3.0,0.1,"{'C': 50, 'coef0': 3.0, 'gamma': 0.1}",0.6461538461538462,0.6615384615384615,0.6615384615384615,0.65625,0.65625,0.6563461538461539,0.005618215829996726,1
212,0.00427393913269043,0.0006633938830241778,0.0019121646881103515,0.00027300022136606087,50,3.0,0.01,"{'C': 50, 'coef0': 3.0, 'gamma': 0.01}",0.6461538461538462,0.6615384615384615,0.6615384615384615,0.65625,0.65625,0.6563461538461539,0.005618215829996726,1
213,0.003918123245239258,0.0005152256584691512,0.0021104812622070312,6.970455747782121e-05,50,3.0,0.001,"{'C': 50, 'coef0': 3.0, 'gamma': 0.001}",0.6461538461538462,0.6615384615384615,0.6615384615384615,0.65625,0.65625,0.6563461538461539,0.005618215829996726,1
214,0.005229282379150391,0.00015824711656267404,0.0021244049072265624,3.5292586140697475e-05,50,3.0,0.0001,"{'C': 50, 'coef0': 3.0, 'gamma': 0.0001}",0.6461538461538462,0.6615384615384615,0.6615384615384615,0.65625,0.65625,0.6563461538461539,0.005618215829996726,1
215,0.00416717529296875,0.0007241357255929298,0.0020445823669433595,0.0002060227682588362,50,4.5,1,"{'C': 50, 'coef0': 4.5, 'gamma': 1}",0.6461538461538462,0.6615384615384615,0.6615384615384615,0.65625,0.65625,0.6563461538461539,0.005618215829996726,1
216,0.003962469100952148,0.0005826591146624558,0.0020169734954833983,0.0001531017413203722,50,4.5,0.1,"{'C': 50, 'coef0': 4.5, 'gamma': 0.1}",0.6461538461538462,0.6615384615384615,0.6615384615384615,0.65625,0.65625,0.6563461538461539,0.005618215829996726,1
217,0.0035370826721191407,0.0005651997039272654,0.0020616531372070314,0.00022608259217855552,50,4.5,0.01,"{'C': 50, 'coef0': 4.5, 'gamma': 0.01}",0.6461538461538462,0.6615384615384615,0.6615384615384615,0.65625,0.65625,0.6563461538461539,0.005618215829996726,1
218,0.004123830795288086,0.0005313862593832429,0.0018853187561035157,0.00018818616321848036,50,4.5,0.001,"{'C': 50, 'coef0': 4.5, 'gamma': 0.001}",0.6461538461538462,0.6615384615384615,0.6615384615384615,0.65625,0.65625,0.6563461538461539,0.005618215829996726,1
219,0.005139207839965821,0.0001430269538765697,0.002212810516357422,0.00016010324359032335,50,4.5,0.0001,"{'C': 50, 'coef0': 4.5, 'gamma': 0.0001}",0.6461538461538462,0.6615384615384615,0.6615384615384615,0.65625,0.65625,0.6563461538461539,0.005618215829996726,1
220,0.0034648418426513673,0.0003076435906923406,0.002084493637084961,0.00017935886003263117,50,6.0,1,"{'C': 50, 'coef0': 6.0, 'gamma': 1}",0.6461538461538462,0.6615384615384615,0.6615384615384615,0.65625,0.65625,0.6563461538461539,0.005618215829996726,1
221,0.003789997100830078,0.0007727967968616941,0.0018798828125,4.38805233340543e-05,50,6.0,0.1,"{'C': 50, 'coef0': 6.0, 'gamma': 0.1}",0.6461538461538462,0.6615384615384615,0.6615384615384615,0.65625,0.65625,0.6563461538461539,0.005618215829996726,1
222,0.0034533023834228517,0.00021048665937542803,0.0021068096160888673,0.00024206076509066348,50,6.0,0.01,"{'C': 50, 'coef0': 6.0, 'gamma': 0.01}",0.6461538461538462,0.6615384615384615,0.6615384615384615,0.65625,0.65625,0.6563461538461539,0.005618215829996726,1
223,0.00348811149597168,0.00026793145987077255,0.0018651008605957032,0.00014077331272681842,50,6.0,0.001,"{'C': 50, 'coef0': 6.0, 'gamma': 0.001}",0.6461538461538462,0.6615384615384615,0.6615384615384615,0.65625,0.65625,0.6563461538461539,0.005618215829996726,1
224,0.005155324935913086,9.725327347507327e-05,0.0020551681518554688,6.520231617026634e-05,50,6.0,0.0001,"{'C': 50, 'coef0': 6.0, 'gamma': 0.0001}",0.6461538461538462,0.6615384615384615,0.6615384615384615,0.65625,0.65625,0.6563461538461539,0.005618215829996726,1
225,0.0036882877349853514,0.0004878709557528673,0.0018678665161132812,0.00011764574839347401,50,7.5,1,"{'C': 50, 'coef0': 7.5, 'gamma': 1}",0.6461538461538462,0.6615384615384615,0.6615384615384615,0.65625,0.65625,0.6563461538461539,0.005618215829996726,1
226,0.0041182518005371095,0.0005905194645853666,0.0018948554992675782,0.00020633337256103604,50,7.5,0.1,"{'C': 50, 'coef0': 7.5, 'gamma': 0.1}",0.6461538461538462,0.6615384615384615,0.6615384615384615,0.65625,0.65625,0.6563461538461539,0.005618215829996726,1
227,0.003667593002319336,0.0005825831037351706,0.0019861698150634766,0.00012157286675031314,50,7.5,0.01,"{'C': 50, 'coef0': 7.5, 'gamma': 0.01}",0.6461538461538462,0.6615384615384615,0.6615384615384615,0.65625,0.65625,0.6563461538461539,0.005618215829996726,1
228,0.004276657104492187,0.0007553314557560773,0.0020255088806152345,9.281296911276854e-05,50,7.5,0.001,"{'C': 50, 'coef0': 7.5, 'gamma': 0.001}",0.6461538461538462,0.6615384615384615,0.6615384615384615,0.65625,0.65625,0.6563461538461539,0.005618215829996726,1
229,0.005070686340332031,0.00022690725933733645,0.0021522998809814452,8.36134466786225e-05,50,7.5,0.0001,"{'C': 50, 'coef0': 7.5, 'gamma': 0.0001}",0.6461538461538462,0.6615384615384615,0.6615384615384615,0.65625,0.65625,0.6563461538461539,0.005618215829996726,1
230,0.003574085235595703,0.0004701268926236135,0.001968574523925781,7.829390252627545e-05,50,9.0,1,"{'C': 50, 'coef0': 9.0, 'gamma': 1}",0.6461538461538462,0.6615384615384615,0.6615384615384615,0.65625,0.65625,0.6563461538461539,0.005618215829996726,1
231,0.003566551208496094,0.0006322172107281457,0.0019181728363037109,8.565628027817293e-05,50,9.0,0.1,"{'C': 50, 'coef0': 9.0, 'gamma': 0.1}",0.6461538461538462,0.6615384615384615,0.6615384615384615,0.65625,0.65625,0.6563461538461539,0.005618215829996726,1
232,0.003570747375488281,0.0005998791758642941,0.0020057201385498048,5.794888021070016e-05,50,9.0,0.01,"{'C': 50, 'coef0': 9.0, 'gamma': 0.01}",0.6461538461538462,0.6615384615384615,0.6615384615384615,0.65625,0.65625,0.6563461538461539,0.005618215829996726,1
233,0.0040057659149169925,0.0005734582241445138,0.0019716739654541014,5.5703356782900294e-05,50,9.0,0.001,"{'C': 50, 'coef0': 9.0, 'gamma': 0.001}",0.6461538461538462,0.6615384615384615,0.6615384615384615,0.65625,0.65625,0.6563461538461539,0.005618215829996726,1
234,0.005333757400512696,0.00017148423326664722,0.0021574020385742186,4.199942061109972e-05,50,9.0,0.0001,"{'C': 50, 'coef0': 9.0, 'gamma': 0.0001}",0.6461538461538462,0.6615384615384615,0.6615384615384615,0.65625,0.65625,0.6563461538461539,0.005618215829996726,1
235,0.004003667831420898,0.0006632078536884527,0.002061748504638672,4.6511450232067254e-05,50,10.5,1,"{'C': 50, 'coef0': 10.5, 'gamma': 1}",0.6461538461538462,0.6615384615384615,0.6615384615384615,0.65625,0.65625,0.6563461538461539,0.005618215829996726,1
236,0.0036724090576171877,0.0006050648761478787,0.002014780044555664,0.00010392540882599159,50,10.5,0.1,"{'C': 50, 'coef0': 10.5, 'gamma': 0.1}",0.6461538461538462,0.6615384615384615,0.6615384615384615,0.65625,0.65625,0.6563461538461539,0.005618215829996726,1
237,0.003943395614624023,0.0007126400389836028,0.0019693374633789062,7.948819648258635e-05,50,10.5,0.01,"{'C': 50, 'coef0': 10.5, 'gamma': 0.01}",0.6461538461538462,0.6615384615384615,0.6615384615384615,0.65625,0.65625,0.6563461538461539,0.005618215829996726,1
238,0.003608083724975586,0.0004614739900983443,0.0019691944122314452,0.00010688521618914755,50,10.5,0.001,"{'C': 50, 'coef0': 10.5, 'gamma': 0.001}",0.6461538461538462,0.6615384615384615,0.6615384615384615,0.65625,0.65625,0.6563461538461539,0.005618215829996726,1
239,0.005072021484375,0.00031345058794557575,0.0022190093994140627,0.00010002895740301577,50,10.5,0.0001,"{'C': 50, 'coef0': 10.5, 'gamma': 0.0001}",0.6461538461538462,0.6615384615384615,0.6615384615384615,0.65625,0.65625,0.6563461538461539,0.005618215829996726,1
240,0.0037950515747070313,0.00031348446179151133,0.0020513057708740233,5.087707235020368e-05,50,12.0,1,"{'C': 50, 'coef0': 12.0, 'gamma': 1}",0.6461538461538462,0.6615384615384615,0.6615384615384615,0.65625,0.65625,0.6563461538461539,0.005618215829996726,1
241,0.0034716129302978516,0.00014403837015299387,0.0020055294036865233,0.00013872572232643808,50,12.0,0.1,"{'C': 50, 'coef0': 12.0, 'gamma': 0.1}",0.6461538461538462,0.6615384615384615,0.6615384615384615,0.65625,0.65625,0.6563461538461539,0.005618215829996726,1
242,0.003649139404296875,0.00021036121827718878,0.0020455837249755858,9.000589037712391e-05,50,12.0,0.01,"{'C': 50, 'coef0': 12.0, 'gamma': 0.01}",0.6461538461538462,0.6615384615384615,0.6615384615384615,0.65625,0.65625,0.6563461538461539,0.005618215829996726,1
243,0.004227447509765625,0.000648321159031003,0.001993751525878906,0.0001174362506935554,50,12.0,0.001,"{'C': 50, 'coef0': 12.0, 'gamma': 0.001}",0.6461538461538462,0.6615384615384615,0.6615384615384615,0.65625,0.65625,0.6563461538461539,0.005618215829996726,1
244,0.004796934127807617,0.00027363076694794875,0.0020830631256103516,9.253159897747401e-05,50,12.0,0.0001,"{'C': 50, 'coef0': 12.0, 'gamma': 0.0001}",0.6461538461538462,0.6615384615384615,0.6615384615384615,0.65625,0.65625,0.6563461538461539,0.005618215829996726,1
245,0.004049539566040039,0.0006395759228889683,0.0020261287689208986,9.975421952921263e-05,50,13.5,1,"{'C': 50, 'coef0': 13.5, 'gamma': 1}",0.6461538461538462,0.6615384615384615,0.6615384615384615,0.65625,0.65625,0.6563461538461539,0.005618215829996726,1
246,0.0036258697509765625,0.0006317221203612726,0.0019373416900634766,8.098477974906405e-05,50,13.5,0.1,"{'C': 50, 'coef0': 13.5, 'gamma': 0.1}",0.6461538461538462,0.6615384615384615,0.6615384615384615,0.65625,0.65625,0.6563461538461539,0.005618215829996726,1
247,0.00377655029296875,0.00047547919505145665,0.0021079063415527345,0.00012488067487946263,50,13.5,0.01,"{'C': 50, 'coef0': 13.5, 'gamma': 0.01}",0.6461538461538462,0.6615384615384615,0.6615384615384615,0.65625,0.65625,0.6563461538461539,0.005618215829996726,1
248,0.0037419795989990234,0.0005144773524059941,0.001998233795166016,0.00011193394528279112,50,13.5,0.001,"{'C': 50, 'coef0': 13.5, 'gamma': 0.001}",0.6461538461538462,0.6615384615384615,0.6615384615384615,0.65625,0.65625,0.6563461538461539,0.005618215829996726,1
249,0.0051211357116699215,0.0002535523289295864,0.0020555496215820313,5.717844215159829e-05,50,13.5,0.0001,"{'C': 50, 'coef0': 13.5, 'gamma': 0.0001}",0.6461538461538462,0.6615384615384615,0.6615384615384615,0.65625,0.65625,0.6563461538461539,0.005618215829996726,1
250,0.004089069366455078,0.0005896425777602697,0.001968050003051758,7.483557772071114e-05,100,0.0,1,"{'C': 100, 'coef0': 0.0, 'gamma': 1}",0.6461538461538462,0.6615384615384615,0.6615384615384615,0.65625,0.65625,0.6563461538461539,0.005618215829996726,1
251,0.0037950515747070313,0.0006414438300661704,0.0019539833068847657,0.00011813428638223594,100,0.0,0.1,"{'C': 100, 'coef0': 0.0, 'gamma': 0.1}",0.6461538461538462,0.6615384615384615,0.6615384615384615,0.65625,0.65625,0.6563461538461539,0.005618215829996726,1
252,0.0043274879455566405,0.0005679741761686451,0.0019488811492919921,0.00010787595273186271,100,0.0,0.01,"{'C': 100, 'coef0': 0.0, 'gamma': 0.01}",0.6461538461538462,0.6615384615384615,0.6615384615384615,0.65625,0.65625,0.6563461538461539,0.005618215829996726,1
253,0.003631448745727539,0.00012053483233664032,0.001943063735961914,8.900819221014538e-05,100,0.0,0.001,"{'C': 100, 'coef0': 0.0, 'gamma': 0.001}",0.6461538461538462,0.6615384615384615,0.6615384615384615,0.65625,0.65625,0.6563461538461539,0.005618215829996726,1
254,0.004197072982788086,0.00020195359139427786,0.0018002510070800782,9.654762053404167e-05,100,0.0,0.0001,"{'C': 100, 'coef0': 0.0, 'gamma': 0.0001}",0.4461538461538462,0.35384615384615387,0.6153846153846154,0.390625,0.59375,0.47995192307692314,0.10612849822783076,350
255,0.0038860321044921877,0.0006983962584078284,0.0018484115600585938,8.585405031794096e-05,100,1.5,1,"{'C': 100, 'coef0': 1.5, 'gamma': 1}",0.6461538461538462,0.6615384615384615,0.6615384615384615,0.65625,0.65625,0.6563461538461539,0.005618215829996726,1
256,0.003719949722290039,0.0006097251053886841,0.0018430233001708984,5.4385237677288985e-05,100,1.5,0.1,"{'C': 100, 'coef0': 1.5, 'gamma': 0.1}",0.6461538461538462,0.6615384615384615,0.6615384615384615,0.65625,0.65625,0.6563461538461539,0.005618215829996726,1
257,0.004197359085083008,0.00046779183414607703,0.0018248558044433594,0.00012423570994015708,100,1.5,0.01,"{'C': 100, 'coef0': 1.5, 'gamma': 0.01}",0.6461538461538462,0.6615384615384615,0.6615384615384615,0.65625,0.65625,0.6563461538461539,0.005618215829996726,1
258,0.0039790630340576175,0.0005616550017702031,0.0020006656646728515,0.00011219336924638291,100,1.5,0.001,"{'C': 100, 'coef0': 1.5, 'gamma': 0.001}",0.6461538461538462,0.6615384615384615,0.6615384615384615,0.65625,0.65625,0.6563461538461539,0.005618215829996726,1
259,0.004655885696411133,0.00019803440426275325,0.001997041702270508,0.0001656242508872358,100,1.5,0.0001,"{'C': 100, 'coef0': 1.5, 'gamma': 0.0001}",0.47692307692307695,0.4153846153846154,0.6307692307692307,0.484375,0.65625,0.5327403846153846,0.09390573849288171,345
260,0.004919242858886719,0.0007704646416586957,0.0025222301483154297,0.0011147336785692255,100,3.0,1,"{'C': 100, 'coef0': 3.0, 'gamma': 1}",0.6461538461538462,0.6615384615384615,0.6615384615384615,0.65625,0.65625,0.6563461538461539,0.005618215829996726,1
261,0.004489088058471679,0.0004637211723527104,0.002378034591674805,0.00029967299258233833,100,3.0,0.1,"{'C': 100, 'coef0': 3.0, 'gamma': 0.1}",0.6461538461538462,0.6615384615384615,0.6615384615384615,0.65625,0.65625,0.6563461538461539,0.005618215829996726,1
262,0.004372596740722656,0.0008963297062999017,0.002027416229248047,0.00020232361890198226,100,3.0,0.01,"{'C': 100, 'coef0': 3.0, 'gamma': 0.01}",0.6461538461538462,0.6615384615384615,0.6615384615384615,0.65625,0.65625,0.6563461538461539,0.005618215829996726,1
263,0.004461431503295898,0.00046422213558555757,0.0022275447845458984,0.00038872963060483114,100,3.0,0.001,"{'C': 100, 'coef0': 3.0, 'gamma': 0.001}",0.6461538461538462,0.6615384615384615,0.6615384615384615,0.65625,0.65625,0.6563461538461539,0.005618215829996726,1
264,0.005759286880493164,0.0003446817785623084,0.0025855064392089843,0.00039677830530393277,100,3.0,0.0001,"{'C': 100, 'coef0': 3.0, 'gamma': 0.0001}",0.6461538461538462,0.6615384615384615,0.6615384615384615,0.65625,0.65625,0.6563461538461539,0.005618215829996726,1
265,0.00433802604675293,0.0005539114766424863,0.0022332191467285155,0.00024044853065263247,100,4.5,1,"{'C': 100, 'coef0': 4.5, 'gamma': 1}",0.6461538461538462,0.6615384615384615,0.6615384615384615,0.65625,0.65625,0.6563461538461539,0.005618215829996726,1
266,0.0037824153900146485,0.0004871843308516266,0.002126646041870117,0.0002441626684101935,100,4.5,0.1,"{'C': 100, 'coef0': 4.5, 'gamma': 0.1}",0.6461538461538462,0.6615384615384615,0.6615384615384615,0.65625,0.65625,0.6563461538461539,0.005618215829996726,1
267,0.004175138473510742,0.0006927458561129571,0.0023151397705078124,0.0003841660870963343,100,4.5,0.01,"{'C': 100, 'coef0': 4.5, 'gamma': 0.01}",0.6461538461538462,0.6615384615384615,0.6615384615384615,0.65625,0.65625,0.6563461538461539,0.005618215829996726,1
268,0.004416179656982422,0.0005694516916336163,0.0021413326263427734,0.000295406511600529,100,4.5,0.001,"{'C': 100, 'coef0': 4.5, 'gamma': 0.001}",0.6461538461538462,0.6615384615384615,0.6615384615384615,0.65625,0.65625,0.6563461538461539,0.005618215829996726,1
269,0.005776643753051758,0.0007651728335910191,0.002729940414428711,0.0006879992419079857,100,4.5,0.0001,"{'C': 100, 'coef0': 4.5, 'gamma': 0.0001}",0.6461538461538462,0.6615384615384615,0.6615384615384615,0.65625,0.65625,0.6563461538461539,0.005618215829996726,1
270,0.0042476654052734375,0.0006194260964784403,0.0022705554962158202,0.0002957701622985744,100,6.0,1,"{'C': 100, 'coef0': 6.0, 'gamma': 1}",0.6461538461538462,0.6615384615384615,0.6615384615384615,0.65625,0.65625,0.6563461538461539,0.005618215829996726,1
271,0.0040623188018798825,0.0004277321964395823,0.002176189422607422,0.0003701172302376287,100,6.0,0.1,"{'C': 100, 'coef0': 6.0, 'gamma': 0.1}",0.6461538461538462,0.6615384615384615,0.6615384615384615,0.65625,0.65625,0.6563461538461539,0.005618215829996726,1
272,0.003931474685668945,0.0004200018502333071,0.002322530746459961,0.00033229671379809484,100,6.0,0.01,"{'C': 100, 'coef0': 6.0, 'gamma': 0.01}",0.6461538461538462,0.6615384615384615,0.6615384615384615,0.65625,0.65625,0.6563461538461539,0.005618215829996726,1
273,0.004511213302612305,0.0006834144302541227,0.002163410186767578,0.00040864118191568223,100,6.0,0.001,"{'C': 100, 'coef0': 6.0, 'gamma': 0.001}",0.6461538461538462,0.6615384615384615,0.6615384615384615,0.65625,0.65625,0.6563461538461539,0.005618215829996726,1
274,0.005294036865234375,0.0004093021790534001,0.0028275012969970702,0.00036699469461696187,100,6.0,0.0001,"{'C': 100, 'coef0': 6.0, 'gamma': 0.0001}",0.6461538461538462,0.6615384615384615,0.6615384615384615,0.65625,0.65625,0.6563461538461539,0.005618215829996726,1
275,0.004418659210205078,0.000569217163060443,0.0022174358367919923,0.00021709713484215052,100,7.5,1,"{'C': 100, 'coef0': 7.5, 'gamma': 1}",0.6461538461538462,0.6615384615384615,0.6615384615384615,0.65625,0.65625,0.6563461538461539,0.005618215829996726,1
276,0.004921483993530274,0.0023159182467808945,0.002494525909423828,0.0005016203024824921,100,7.5,0.1,"{'C': 100, 'coef0': 7.5, 'gamma': 0.1}",0.6461538461538462,0.6615384615384615,0.6615384615384615,0.65625,0.65625,0.6563461538461539,0.005618215829996726,1
277,0.003829479217529297,0.0006014443497840205,0.002030611038208008,7.441364310152972e-05,100,7.5,0.01,"{'C': 100, 'coef0': 7.5, 'gamma': 0.01}",0.6461538461538462,0.6615384615384615,0.6615384615384615,0.65625,0.65625,0.6563461538461539,0.005618215829996726,1
278,0.004452896118164062,0.0006262960724679165,0.0019785404205322266,0.00011887069299163003,100,7.5,0.001,"{'C': 100, 'coef0': 7.5, 'gamma': 0.001}",0.6461538461538462,0.6615384615384615,0.6615384615384615,0.65625,0.65625,0.6563461538461539,0.005618215829996726,1
279,0.005026769638061523,0.000343703198246162,0.002101421356201172,7.920536482159375e-05,100,7.5,0.0001,"{'C': 100, 'coef0': 7.5, 'gamma': 0.0001}",0.6461538461538462,0.6615384615384615,0.6615384615384615,0.65625,0.65625,0.6563461538461539,0.005618215829996726,1
280,0.004353904724121093,0.00048700162639791074,0.0019350051879882812,6.930529142138563e-05,100,9.0,1,"{'C': 100, 'coef0': 9.0, 'gamma': 1}",0.6461538461538462,0.6615384615384615,0.6615384615384615,0.65625,0.65625,0.6563461538461539,0.005618215829996726,1
281,0.003866147994995117,0.0006545467508961885,0.0020194053649902344,0.00011266028414554251,100,9.0,0.1,"{'C': 100, 'coef0': 9.0, 'gamma': 0.1}",0.6461538461538462,0.6615384615384615,0.6615384615384615,0.65625,0.65625,0.6563461538461539,0.005618215829996726,1
282,0.004123067855834961,0.0007289308058918752,0.0019486904144287109,0.00011301730734442598,100,9.0,0.01,"{'C': 100, 'coef0': 9.0, 'gamma': 0.01}",0.6461538461538462,0.6615384615384615,0.6615384615384615,0.65625,0.65625,0.6563461538461539,0.005618215829996726,1
283,0.004202508926391601,0.0005232352105779655,0.001969051361083984,5.614550499632172e-05,100,9.0,0.001,"{'C': 100, 'coef0': 9.0, 'gamma': 0.001}",0.6461538461538462,0.6615384615384615,0.6615384615384615,0.65625,0.65625,0.6563461538461539,0.005618215829996726,1
284,0.004964685440063477,0.0003501631390979984,0.002163410186767578,3.447667853947918e-05,100,9.0,0.0001,"{'C': 100, 'coef0': 9.0, 'gamma': 0.0001}",0.6461538461538462,0.6615384615384615,0.6615384615384615,0.65625,0.65625,0.6563461538461539,0.005618215829996726,1
285,0.003996992111206054,0.0006363609852635981,0.0019460678100585937,9.763159012131581e-05,100,10.5,1,"{'C': 100, 'coef0': 10.5, 'gamma': 1}",0.6461538461538462,0.6615384615384615,0.6615384615384615,0.65625,0.65625,0.6563461538461539,0.005618215829996726,1
286,0.0031516551971435547,0.00015234025590031108,0.001981782913208008,8.396767940501611e-05,100,10.5,0.1,"{'C': 100, 'coef0': 10.5, 'gamma': 0.1}",0.6461538461538462,0.6615384615384615,0.6615384615384615,0.65625,0.65625,0.6563461538461539,0.005618215829996726,1
287,0.0037582874298095702,0.0005195031005167527,0.0019827365875244142,6.26672520526868e-05,100,10.5,0.01,"{'C': 100, 'coef0': 10.5, 'gamma': 0.01}",0.6461538461538462,0.6615384615384615,0.6615384615384615,0.65625,0.65625,0.6563461538461539,0.005618215829996726,1
288,0.0046157360076904295,0.00011755785512031638,0.0019123554229736328,0.00020657243920685117,100,10.5,0.001,"{'C': 100, 'coef0': 10.5, 'gamma': 0.001}",0.6461538461538462,0.6615384615384615,0.6615384615384615,0.65625,0.65625,0.6563461538461539,0.005618215829996726,1
289,0.005003499984741211,0.00022648100540840403,0.0021010398864746093,0.00012326564268070532,100,10.5,0.0001,"{'C': 100, 'coef0': 10.5, 'gamma': 0.0001}",0.6461538461538462,0.6615384615384615,0.6615384615384615,0.65625,0.65625,0.6563461538461539,0.005618215829996726,1
290,0.0034204959869384766,0.00036532693327943097,0.002013826370239258,0.0002563728007263364,100,12.0,1,"{'C': 100, 'coef0': 12.0, 'gamma': 1}",0.6461538461538462,0.6615384615384615,0.6615384615384615,0.65625,0.65625,0.6563461538461539,0.005618215829996726,1
291,0.004137897491455078,0.0008237005976869125,0.0019450187683105469,8.65001531055328e-05,100,12.0,0.1,"{'C': 100, 'coef0': 12.0, 'gamma': 0.1}",0.6461538461538462,0.6615384615384615,0.6615384615384615,0.65625,0.65625,0.6563461538461539,0.005618215829996726,1
292,0.0034759521484375,0.0005832046607165912,0.001936483383178711,0.0001327871543220724,100,12.0,0.01,"{'C': 100, 'coef0': 12.0, 'gamma': 0.01}",0.6461538461538462,0.6615384615384615,0.6615384615384615,0.65625,0.65625,0.6563461538461539,0.005618215829996726,1
293,0.004121065139770508,0.0005688011958256828,0.0020675182342529295,9.368817561280033e-05,100,12.0,0.001,"{'C': 100, 'coef0': 12.0, 'gamma': 0.001}",0.6461538461538462,0.6615384615384615,0.6615384615384615,0.65625,0.65625,0.6563461538461539,0.005618215829996726,1
294,0.005521154403686524,7.857469058927807e-05,0.0022316932678222655,0.00010878165841348483,100,12.0,0.0001,"{'C': 100, 'coef0': 12.0, 'gamma': 0.0001}",0.6461538461538462,0.6615384615384615,0.6615384615384615,0.65625,0.65625,0.6563461538461539,0.005618215829996726,1
295,0.0041656970977783205,0.0003118521357888586,0.002164125442504883,0.00017790851245299478,100,13.5,1,"{'C': 100, 'coef0': 13.5, 'gamma': 1}",0.6461538461538462,0.6615384615384615,0.6615384615384615,0.65625,0.65625,0.6563461538461539,0.005618215829996726,1
296,0.0036230087280273438,0.00025009142981567527,0.001980018615722656,0.00017642983874756852,100,13.5,0.1,"{'C': 100, 'coef0': 13.5, 'gamma': 0.1}",0.6461538461538462,0.6615384615384615,0.6615384615384615,0.65625,0.65625,0.6563461538461539,0.005618215829996726,1
297,0.004541015625,0.0007243069101375948,0.002102947235107422,0.00011430320798881483,100,13.5,0.01,"{'C': 100, 'coef0': 13.5, 'gamma': 0.01}",0.6461538461538462,0.6615384615384615,0.6615384615384615,0.65625,0.65625,0.6563461538461539,0.005618215829996726,1
298,0.0036269664764404298,0.0001824094787096447,0.002210569381713867,0.00010857765328557786,100,13.5,0.001,"{'C': 100, 'coef0': 13.5, 'gamma': 0.001}",0.6461538461538462,0.6615384615384615,0.6615384615384615,0.65625,0.65625,0.6563461538461539,0.005618215829996726,1
299,0.005404376983642578,0.00013430443403763647,0.002311038970947266,7.36832069050538e-05,100,13.5,0.0001,"{'C': 100, 'coef0': 13.5, 'gamma': 0.0001}",0.6461538461538462,0.6615384615384615,0.6615384615384615,0.65625,0.65625,0.6563461538461539,0.005618215829996726,1
300,0.004214429855346679,0.0003194155056777002,0.002125978469848633,0.00014959066416054826,1000,0.0,1,"{'C': 1000, 'coef0': 0.0, 'gamma': 1}",0.6461538461538462,0.6615384615384615,0.6615384615384615,0.65625,0.65625,0.6563461538461539,0.005618215829996726,1
301,0.004187488555908203,0.0005908590724123486,0.002120351791381836,0.00024495573617077385,1000,0.0,0.1,"{'C': 1000, 'coef0': 0.0, 'gamma': 0.1}",0.6461538461538462,0.6615384615384615,0.6615384615384615,0.65625,0.65625,0.6563461538461539,0.005618215829996726,1
302,0.003829765319824219,0.0001868668426632169,0.0021448612213134767,4.5897006966232405e-05,1000,0.0,0.01,"{'C': 1000, 'coef0': 0.0, 'gamma': 0.01}",0.6461538461538462,0.6615384615384615,0.6615384615384615,0.65625,0.65625,0.6563461538461539,0.005618215829996726,1
303,0.004173946380615234,0.0005681299608922383,0.0021324634552001955,0.0001552487178328719,1000,0.0,0.001,"{'C': 1000, 'coef0': 0.0, 'gamma': 0.001}",0.6461538461538462,0.6615384615384615,0.6615384615384615,0.65625,0.65625,0.6563461538461539,0.005618215829996726,1
304,0.004849672317504883,0.0002680943296396001,0.002178001403808594,0.00010623354014324561,1000,0.0,0.0001,"{'C': 1000, 'coef0': 0.0, 'gamma': 0.0001}",0.4461538461538462,0.35384615384615387,0.6307692307692307,0.390625,0.65625,0.4955288461538462,0.12460974583633677,347
305,0.0045010089874267575,0.0005244621677490701,0.0021762847900390625,5.6097616862078096e-05,1000,1.5,1,"{'C': 1000, 'coef0': 1.5, 'gamma': 1}",0.6461538461538462,0.6615384615384615,0.6615384615384615,0.65625,0.65625,0.6563461538461539,0.005618215829996726,1
306,0.004547834396362305,0.0006801175375624117,0.0021323680877685545,4.384501463925987e-05,1000,1.5,0.1,"{'C': 1000, 'coef0': 1.5, 'gamma': 0.1}",0.6461538461538462,0.6615384615384615,0.6615384615384615,0.65625,0.65625,0.6563461538461539,0.005618215829996726,1
307,0.004292535781860352,0.000805285006884991,0.0021184444427490234,0.00010519427588463046,1000,1.5,0.01,"{'C': 1000, 'coef0': 1.5, 'gamma': 0.01}",0.6461538461538462,0.6615384615384615,0.6615384615384615,0.65625,0.65625,0.6563461538461539,0.005618215829996726,1
308,0.004363059997558594,0.0005461195176548866,0.001964569091796875,0.0001638423161366336,1000,1.5,0.001,"{'C': 1000, 'coef0': 1.5, 'gamma': 0.001}",0.6461538461538462,0.6615384615384615,0.6615384615384615,0.65625,0.65625,0.6563461538461539,0.005618215829996726,1
309,0.00509486198425293,0.0014359641867458693,0.002138710021972656,0.00033017592480839923,1000,1.5,0.0001,"{'C': 1000, 'coef0': 1.5, 'gamma': 0.0001}",0.4461538461538462,0.38461538461538464,0.6153846153846154,0.390625,0.59375,0.48610576923076926,0.09931095820763358,348
310,0.003861665725708008,0.0006481417558063554,0.0021564006805419923,0.00011276594916016897,1000,3.0,1,"{'C': 1000, 'coef0': 3.0, 'gamma': 1}",0.6461538461538462,0.6615384615384615,0.6615384615384615,0.65625,0.65625,0.6563461538461539,0.005618215829996726,1
311,0.004330062866210937,0.0005775101304923235,0.002090263366699219,0.0001657723128906594,1000,3.0,0.1,"{'C': 1000, 'coef0': 3.0, 'gamma': 0.1}",0.6461538461538462,0.6615384615384615,0.6615384615384615,0.65625,0.65625,0.6563461538461539,0.005618215829996726,1
312,0.003798675537109375,0.0003335335117064847,0.0021177291870117187,0.00019553990136537546,1000,3.0,0.01,"{'C': 1000, 'coef0': 3.0, 'gamma': 0.01}",0.6461538461538462,0.6615384615384615,0.6615384615384615,0.65625,0.65625,0.6563461538461539,0.005618215829996726,1
313,0.004296398162841797,0.0005432362087674993,0.00211029052734375,5.7143596842427645e-05,1000,3.0,0.001,"{'C': 1000, 'coef0': 3.0, 'gamma': 0.001}",0.6461538461538462,0.6615384615384615,0.6615384615384615,0.65625,0.65625,0.6563461538461539,0.005618215829996726,1
314,0.0054819583892822266,0.00015490757993920094,0.0022219181060791015,3.8072573112033434e-05,1000,3.0,0.0001,"{'C': 1000, 'coef0': 3.0, 'gamma': 0.0001}",0.5692307692307692,0.49230769230769234,0.6461538461538462,0.515625,0.65625,0.5759134615384616,0.06641829968122023,343
315,0.004103899002075195,0.0006472692338425463,0.002084207534790039,8.756986859101762e-05,1000,4.5,1,"{'C': 1000, 'coef0': 4.5, 'gamma': 1}",0.6461538461538462,0.6615384615384615,0.6615384615384615,0.65625,0.65625,0.6563461538461539,0.005618215829996726,1
316,0.004034662246704101,0.0006978518668804441,0.001998138427734375,0.00016462331740248299,1000,4.5,0.1,"{'C': 1000, 'coef0': 4.5, 'gamma': 0.1}",0.6461538461538462,0.6615384615384615,0.6615384615384615,0.65625,0.65625,0.6563461538461539,0.005618215829996726,1
317,0.004518747329711914,0.0005270225299020444,0.002024078369140625,0.00012658662417207558,1000,4.5,0.01,"{'C': 1000, 'coef0': 4.5, 'gamma': 0.01}",0.6461538461538462,0.6615384615384615,0.6615384615384615,0.65625,0.65625,0.6563461538461539,0.005618215829996726,1
318,0.004349994659423828,0.0005687792175909516,0.0022077560424804688,0.00013049396130703685,1000,4.5,0.001,"{'C': 1000, 'coef0': 4.5, 'gamma': 0.001}",0.6461538461538462,0.6615384615384615,0.6615384615384615,0.65625,0.65625,0.6563461538461539,0.005618215829996726,1
319,0.005566263198852539,0.00022614474661139788,0.0024053573608398436,1.2181672936886418e-05,1000,4.5,0.0001,"{'C': 1000, 'coef0': 4.5, 'gamma': 0.0001}",0.6461538461538462,0.6615384615384615,0.6615384615384615,0.65625,0.65625,0.6563461538461539,0.005618215829996726,1
320,0.004964399337768555,0.00018740145602772008,0.0021786212921142576,7.932274628453072e-05,1000,6.0,1,"{'C': 1000, 'coef0': 6.0, 'gamma': 1}",0.6461538461538462,0.6615384615384615,0.6615384615384615,0.65625,0.65625,0.6563461538461539,0.005618215829996726,1
321,0.0038587093353271485,0.0005880263459602629,0.002063417434692383,4.6265148311747844e-05,1000,6.0,0.1,"{'C': 1000, 'coef0': 6.0, 'gamma': 0.1}",0.6461538461538462,0.6615384615384615,0.6615384615384615,0.65625,0.65625,0.6563461538461539,0.005618215829996726,1
322,0.0040588855743408205,0.0005507451920255237,0.0020590305328369142,2.809554318064953e-05,1000,6.0,0.01,"{'C': 1000, 'coef0': 6.0, 'gamma': 0.01}",0.6461538461538462,0.6615384615384615,0.6615384615384615,0.65625,0.65625,0.6563461538461539,0.005618215829996726,1
323,0.00424489974975586,0.0005369523606967516,0.0021372318267822267,7.590977985062109e-05,1000,6.0,0.001,"{'C': 1000, 'coef0': 6.0, 'gamma': 0.001}",0.6461538461538462,0.6615384615384615,0.6615384615384615,0.65625,0.65625,0.6563461538461539,0.005618215829996726,1
324,0.006410837173461914,0.0020201333365326615,0.0027572154998779298,0.0008084549741860028,1000,6.0,0.0001,"{'C': 1000, 'coef0': 6.0, 'gamma': 0.0001}",0.6461538461538462,0.6615384615384615,0.6615384615384615,0.65625,0.65625,0.6563461538461539,0.005618215829996726,1
325,0.003948736190795899,0.0007306067038813621,0.00207061767578125,7.911321963809412e-05,1000,7.5,1,"{'C': 1000, 'coef0': 7.5, 'gamma': 1}",0.6461538461538462,0.6615384615384615,0.6615384615384615,0.65625,0.65625,0.6563461538461539,0.005618215829996726,1
326,0.004446220397949219,0.0007772717646655739,0.002739143371582031,0.0013678605807545257,1000,7.5,0.1,"{'C': 1000, 'coef0': 7.5, 'gamma': 0.1}",0.6461538461538462,0.6615384615384615,0.6615384615384615,0.65625,0.65625,0.6563461538461539,0.005618215829996726,1
327,0.004265260696411133,0.0006897147182243958,0.002063465118408203,0.00016173964959950786,1000,7.5,0.01,"{'C': 1000, 'coef0': 7.5, 'gamma': 0.01}",0.6461538461538462,0.6615384615384615,0.6615384615384615,0.65625,0.65625,0.6563461538461539,0.005618215829996726,1
328,0.004652738571166992,0.0002147235897554223,0.00211186408996582,0.00014964601131508057,1000,7.5,0.001,"{'C': 1000, 'coef0': 7.5, 'gamma': 0.001}",0.6461538461538462,0.6615384615384615,0.6615384615384615,0.65625,0.65625,0.6563461538461539,0.005618215829996726,1
329,0.005090570449829102,0.0002454702207002005,0.002330493927001953,8.599165551518144e-05,1000,7.5,0.0001,"{'C': 1000, 'coef0': 7.5, 'gamma': 0.0001}",0.6461538461538462,0.6615384615384615,0.6615384615384615,0.65625,0.65625,0.6563461538461539,0.005618215829996726,1
330,0.004247331619262695,0.0006396178464476782,0.0020513057708740233,0.0001392012871798503,1000,9.0,1,"{'C': 1000, 'coef0': 9.0, 'gamma': 1}",0.6461538461538462,0.6615384615384615,0.6615384615384615,0.65625,0.65625,0.6563461538461539,0.005618215829996726,1
331,0.003377866744995117,0.00020672688631504166,0.0019937992095947266,0.00013461558050512933,1000,9.0,0.1,"{'C': 1000, 'coef0': 9.0, 'gamma': 0.1}",0.6461538461538462,0.6615384615384615,0.6615384615384615,0.65625,0.65625,0.6563461538461539,0.005618215829996726,1
332,0.003914594650268555,0.0005405202955557593,0.002017974853515625,0.00011730223167197317,1000,9.0,0.01,"{'C': 1000, 'coef0': 9.0, 'gamma': 0.01}",0.6461538461538462,0.6615384615384615,0.6615384615384615,0.65625,0.65625,0.6563461538461539,0.005618215829996726,1
333,0.003978109359741211,0.0007316844644110338,0.001991128921508789,0.00010489166792094507,1000,9.0,0.001,"{'C': 1000, 'coef0': 9.0, 'gamma': 0.001}",0.6461538461538462,0.6615384615384615,0.6615384615384615,0.65625,0.65625,0.6563461538461539,0.005618215829996726,1
334,0.005354404449462891,0.00012041408169691897,0.0021379470825195314,0.00013514572878605243,1000,9.0,0.0001,"{'C': 1000, 'coef0': 9.0, 'gamma': 0.0001}",0.6461538461538462,0.6615384615384615,0.6615384615384615,0.65625,0.65625,0.6563461538461539,0.005618215829996726,1
335,0.003731822967529297,0.0005845295151265768,0.0020417690277099608,8.179743611738258e-05,1000,10.5,1,"{'C': 1000, 'coef0': 10.5, 'gamma': 1}",0.6461538461538462,0.6615384615384615,0.6615384615384615,0.65625,0.65625,0.6563461538461539,0.005618215829996726,1
336,0.00369110107421875,0.0006480954228638817,0.0019394874572753907,0.00011553720064035065,1000,10.5,0.1,"{'C': 1000, 'coef0': 10.5, 'gamma': 0.1}",0.6461538461538462,0.6615384615384615,0.6615384615384615,0.65625,0.65625,0.6563461538461539,0.005618215829996726,1
337,0.004173469543457031,0.0007399498332940326,0.001972484588623047,0.00011514155174603876,1000,10.5,0.01,"{'C': 1000, 'coef0': 10.5, 'gamma': 0.01}",0.6461538461538462,0.6615384615384615,0.6615384615384615,0.65625,0.65625,0.6563461538461539,0.005618215829996726,1
338,0.004021596908569336,0.0006166397105338912,0.0018973827362060546,9.639394951711185e-05,1000,10.5,0.001,"{'C': 1000, 'coef0': 10.5, 'gamma': 0.001}",0.6461538461538462,0.6615384615384615,0.6615384615384615,0.65625,0.65625,0.6563461538461539,0.005618215829996726,1
339,0.0050733089447021484,0.0003471059116770567,0.0021544933319091798,9.523353714105937e-05,1000,10.5,0.0001,"{'C': 1000, 'coef0': 10.5, 'gamma': 0.0001}",0.6461538461538462,0.6615384615384615,0.6615384615384615,0.65625,0.65625,0.6563461538461539,0.005618215829996726,1
340,0.00381617546081543,0.0006148999471368366,0.0020281791687011717,6.155566949305566e-05,1000,12.0,1,"{'C': 1000, 'coef0': 12.0, 'gamma': 1}",0.6461538461538462,0.6615384615384615,0.6615384615384615,0.65625,0.65625,0.6563461538461539,0.005618215829996726,1
341,0.005038690567016601,0.001089117138486784,0.0027698516845703126,0.0014929798958337832,1000,12.0,0.1,"{'C': 1000, 'coef0': 12.0, 'gamma': 0.1}",0.6461538461538462,0.6615384615384615,0.6615384615384615,0.65625,0.65625,0.6563461538461539,0.005618215829996726,1
342,0.004233264923095703,0.0004913945753680169,0.0019527435302734374,7.699504226105561e-05,1000,12.0,0.01,"{'C': 1000, 'coef0': 12.0, 'gamma': 0.01}",0.6461538461538462,0.6615384615384615,0.6615384615384615,0.65625,0.65625,0.6563461538461539,0.005618215829996726,1
343,0.0035248279571533205,0.0005249510301699415,0.0018967628479003907,8.991682270817628e-05,1000,12.0,0.001,"{'C': 1000, 'coef0': 12.0, 'gamma': 0.001}",0.6461538461538462,0.6615384615384615,0.6615384615384615,0.65625,0.65625,0.6563461538461539,0.005618215829996726,1
344,0.004893732070922851,0.00022809825320596415,0.002131795883178711,2.7394948358930305e-05,1000,12.0,0.0001,"{'C': 1000, 'coef0': 12.0, 'gamma': 0.0001}",0.6461538461538462,0.6615384615384615,0.6615384615384615,0.65625,0.65625,0.6563461538461539,0.005618215829996726,1
345,0.004183721542358398,0.0005968408897829277,0.0020530223846435547,0.00010532900014320146,1000,13.5,1,"{'C': 1000, 'coef0': 13.5, 'gamma': 1}",0.6461538461538462,0.6615384615384615,0.6615384615384615,0.65625,0.65625,0.6563461538461539,0.005618215829996726,1
346,0.004198598861694336,0.0006927352216738406,0.0019465923309326173,0.0001631267235925447,1000,13.5,0.1,"{'C': 1000, 'coef0': 13.5, 'gamma': 0.1}",0.6461538461538462,0.6615384615384615,0.6615384615384615,0.65625,0.65625,0.6563461538461539,0.005618215829996726,1
347,0.003744649887084961,0.0004831407505055413,0.0019623279571533204,0.00011050988937383331,1000,13.5,0.01,"{'C': 1000, 'coef0': 13.5, 'gamma': 0.01}",0.6461538461538462,0.6615384615384615,0.6615384615384615,0.65625,0.65625,0.6563461538461539,0.005618215829996726,1
348,0.004323244094848633,0.0005070197865876306,0.001970338821411133,7.935627651374154e-05,1000,13.5,0.001,"{'C': 1000, 'coef0': 13.5, 'gamma': 0.001}",0.6461538461538462,0.6615384615384615,0.6615384615384615,0.65625,0.65625,0.6563461538461539,0.005618215829996726,1
349,0.005190229415893555,0.00021432175853558784,0.0020777225494384766,9.688429903191618e-05,1000,13.5,0.0001,"{'C': 1000, 'coef0': 13.5, 'gamma': 0.0001}",0.6461538461538462,0.6615384615384615,0.6615384615384615,0.65625,0.65625,0.6563461538461539,0.005618215829996726,1
